model,checkpoint,field,band,lead_hours,baseline_rmse,rmse,improvement_percent
GraphCast,v22_K2_step26000,10m_u_component_of_wind,native GC task levels,12,0.6187285818140262,0.595850473691055,3.6976000132232123
GraphCast,v22_K2_step26000,10m_u_component_of_wind,native GC task levels,120,2.3550867542735783,2.361506074395607,-0.2725725542967794
GraphCast,v22_K2_step26000,10m_u_component_of_wind,native GC task levels,240,4.259111510737994,4.270606063595345,-0.2698814724237941
GraphCast,v22_K2_step26000,10m_v_component_of_wind,native GC task levels,12,0.6405217295367328,0.6171735402834234,3.645183008888131
GraphCast,v22_K2_step26000,10m_v_component_of_wind,native GC task levels,120,2.4870283035430547,2.4953576914517543,-0.33491327367820567
GraphCast,v22_K2_step26000,10m_v_component_of_wind,native GC task levels,240,4.507878919538544,4.519422139109356,-0.2560676490395597
GraphCast,v22_K2_step26000,2m_temperature,native GC task levels,12,0.5436926838075647,0.5459756647292152,-0.41990282187767125
GraphCast,v22_K2_step26000,2m_temperature,native GC task levels,120,1.4131870668574325,1.4051062475852178,0.5718152579887614
GraphCast,v22_K2_step26000,2m_temperature,native GC task levels,240,2.5772100819236345,2.575069501087033,0.08305806544897099
GraphCast,v22_K2_step26000,geopotential,native GC task levels,12,40.6805797029974,40.14857508124899,1.3077606701588085
GraphCast,v22_K2_step26000,geopotential,native GC task levels,120,308.1337928987534,307.98760446153204,0.04744316936033943
GraphCast,v22_K2_step26000,geopotential,native GC task levels,240,789.1349341753522,788.782272022039,0.044689715033552346
GraphCast,v22_K2_step26000,mean_sea_level_pressure,native GC task levels,12,41.905061458883495,40.20718499686735,4.051721684460652
GraphCast,v22_K2_step26000,mean_sea_level_pressure,native GC task levels,120,300.41940674045856,299.93455218714485,0.16139255402117803
GraphCast,v22_K2_step26000,mean_sea_level_pressure,native GC task levels,240,722.3478085003875,721.4208825947236,0.1283212733195982
GraphCast,v22_K2_step26000,specific_humidity,native GC task levels,12,0.0002676553289191112,0.0002633903473051119,1.5934603772780442
GraphCast,v22_K2_step26000,specific_humidity,native GC task levels,120,0.0006881710521601352,0.0006929635508128523,-0.6964109631862225
GraphCast,v22_K2_step26000,specific_humidity,native GC task levels,240,0.0010672371052065787,0.0010755586504994882,-0.7797278835520505
GraphCast,v22_K2_step26000,temperature,native GC task levels,12,0.48635630257874113,0.47991779137419804,1.3238260037764626
GraphCast,v22_K2_step26000,temperature,native GC task levels,120,1.6245626516702019,1.625755246883392,-0.07341023209932462
GraphCast,v22_K2_step26000,temperature,native GC task levels,240,3.096068111046885,3.097768454425688,-0.05491944355928702
GraphCast,v22_K2_step26000,total_precipitation_6hr,native GC task levels,12,0.0008200339378077058,0.0007982856917305367,2.652115366750707
GraphCast,v22_K2_step26000,total_precipitation_6hr,native GC task levels,120,0.0018991345395422087,0.0019072767538444468,-0.4287328850435701
GraphCast,v22_K2_step26000,total_precipitation_6hr,native GC task levels,240,0.0023358615476544602,0.0023359284104201876,-0.002862445584339568
GraphCast,v22_K2_step26000,u_component_of_wind,native GC task levels,12,1.3085888890987472,1.3008636514379084,0.5903487126624807
GraphCast,v22_K2_step26000,u_component_of_wind,native GC task levels,120,4.550383980237216,4.554685896910816,-0.09453964088050881
GraphCast,v22_K2_step26000,u_component_of_wind,native GC task levels,240,8.728107831250387,8.736548110781413,-0.09670228294849093
GraphCast,v22_K2_step26000,v_component_of_wind,native GC task levels,12,1.3356833676337683,1.3285812814287385,0.5317192964386042
GraphCast,v22_K2_step26000,v_component_of_wind,native GC task levels,120,4.63614459447894,4.639572049786545,-0.07392899936051744
GraphCast,v22_K2_step26000,v_component_of_wind,native GC task levels,240,9.250003776034022,9.256028318100952,-0.06513015791993482
GraphCast,v22_K2_step26000,vertical_velocity,native GC task levels,12,0.08680414146316275,0.08302602068614251,4.352466038297909
GraphCast,v22_K2_step26000,vertical_velocity,native GC task levels,120,0.12718906165626986,0.12408762014030764,2.438449875779347
GraphCast,v22_K2_step26000,vertical_velocity,native GC task levels,240,0.15200826188820118,0.14885692431212763,2.073135720998698
GraphCast,v22_K22_step26000,10m_u_component_of_wind,native GC task levels,12,0.6186894538907116,0.6250832420287953,-1.033440621603532
GraphCast,v22_K22_step26000,10m_u_component_of_wind,native GC task levels,120,2.354481398416527,2.2517726822592987,4.362264922810766
GraphCast,v22_K22_step26000,10m_u_component_of_wind,native GC task levels,240,4.255801788262593,3.8445372550621335,9.663620480040159
GraphCast,v22_K22_step26000,10m_v_component_of_wind,native GC task levels,12,0.6404377638984372,0.6420405183999506,-0.2502592120360303
GraphCast,v22_K22_step26000,10m_v_component_of_wind,native GC task levels,120,2.485523288392475,2.366325432325216,4.795684539506007
GraphCast,v22_K22_step26000,10m_v_component_of_wind,native GC task levels,240,4.508692448906808,4.122449400604569,8.566631072737918
GraphCast,v22_K22_step26000,2m_temperature,native GC task levels,12,0.5436183963213315,0.5352628190200358,1.5370299014598965
GraphCast,v22_K22_step26000,2m_temperature,native GC task levels,120,1.4119077132231745,1.363591765424924,3.4220329944902983
GraphCast,v22_K22_step26000,2m_temperature,native GC task levels,240,2.580144438082715,2.429232392204394,5.848976656146531
GraphCast,v22_K22_step26000,geopotential,native GC task levels,12,40.69835755879343,42.80997413924964,-5.1884565056605325
GraphCast,v22_K22_step26000,geopotential,native GC task levels,120,308.1315880618594,303.77084145963346,1.4152221879148996
GraphCast,v22_K22_step26000,geopotential,native GC task levels,240,789.6948190450299,753.7855402068947,4.547234953568524
GraphCast,v22_K22_step26000,mean_sea_level_pressure,native GC task levels,12,41.90934506450025,43.256913883850785,-3.2154375528335555
GraphCast,v22_K22_step26000,mean_sea_level_pressure,native GC task levels,120,300.012609394836,291.88700415290737,2.708421242133452
GraphCast,v22_K22_step26000,mean_sea_level_pressure,native GC task levels,240,724.4349940104184,677.9819520781876,6.412313363697441
GraphCast,v22_K22_step26000,specific_humidity,native GC task levels,12,0.00026766164535480495,0.0002691828260093714,-0.5683222385299169
GraphCast,v22_K22_step26000,specific_humidity,native GC task levels,120,0.0006880419319074503,0.0006587012843642416,4.264369100567455
GraphCast,v22_K22_step26000,specific_humidity,native GC task levels,240,0.001066246194233375,0.0009762761354390745,8.438019219284376
GraphCast,v22_K22_step26000,temperature,native GC task levels,12,0.48634175057454576,0.49032165312748244,-0.8183345452523749
GraphCast,v22_K22_step26000,temperature,native GC task levels,120,1.6241909612798653,1.5927715172864236,1.9344673589787198
GraphCast,v22_K22_step26000,temperature,native GC task levels,240,3.0971178041425267,2.9272611412444247,5.4843462095923945
GraphCast,v22_K22_step26000,total_precipitation_6hr,native GC task levels,12,0.0008197671118054641,0.0008157270068911842,0.4928356915151144
GraphCast,v22_K22_step26000,total_precipitation_6hr,native GC task levels,120,0.0018992621320585014,0.0018240388767552912,3.960656827379583
GraphCast,v22_K22_step26000,total_precipitation_6hr,native GC task levels,240,0.002336019975935068,0.0021230166370211005,9.11821564491142
GraphCast,v22_K22_step26000,u_component_of_wind,native GC task levels,12,1.3085357154958759,1.3244149884118175,-1.2135146735314128
GraphCast,v22_K22_step26000,u_component_of_wind,native GC task levels,120,4.549795287892821,4.44204518093214,2.3682407700277963
GraphCast,v22_K22_step26000,u_component_of_wind,native GC task levels,240,8.728608406412002,8.204883844644833,6.000092310046156
GraphCast,v22_K22_step26000,v_component_of_wind,native GC task levels,12,1.3357116873670252,1.3477150904207977,-0.8986522441406297
GraphCast,v22_K22_step26000,v_component_of_wind,native GC task levels,120,4.634957838031314,4.537868257296539,2.0947241404899786
GraphCast,v22_K22_step26000,v_component_of_wind,native GC task levels,240,9.249316860438729,8.704062728084736,5.895074637200059
GraphCast,v22_K22_step26000,vertical_velocity,native GC task levels,12,0.0868024053577351,0.08391165348529071,3.3302670133746326
GraphCast,v22_K22_step26000,vertical_velocity,native GC task levels,120,0.1271642087806925,0.12146101440758772,4.484905326577016
GraphCast,v22_K22_step26000,vertical_velocity,native GC task levels,240,0.1520417502924122,0.14077548991553784,7.409978085102731
NeuralGCM,K2_adaptive_step2000,geopotential,weather_gt30hpa,12,39.36390717790979,38.99839906892758,0.9285361519887902
NeuralGCM,K2_adaptive_step2000,geopotential,weather_gt30hpa,120,304.9955450131093,327.66832470574894,-7.433806841888502
NeuralGCM,K2_adaptive_step2000,specific_cloud_ice_water_content,weather_gt30hpa,12,4.387682196276017e-06,4.39098032012265e-06,-0.07516779244933769
NeuralGCM,K2_adaptive_step2000,specific_cloud_ice_water_content,weather_gt30hpa,120,7.2062673140971705e-06,7.349110300100771e-06,-1.9822049304799583
NeuralGCM,K2_adaptive_step2000,specific_cloud_liquid_water_content,weather_gt30hpa,12,1.0641146207692206e-05,1.0643128991699769e-05,-0.018633180757632317
NeuralGCM,K2_adaptive_step2000,specific_cloud_liquid_water_content,weather_gt30hpa,120,1.6023022978193518e-05,1.6189983485824284e-05,-1.042003795775548
NeuralGCM,K2_adaptive_step2000,specific_humidity,weather_gt30hpa,12,0.00031666928083967394,0.00031643213478895746,0.07488760832363717
NeuralGCM,K2_adaptive_step2000,specific_humidity,weather_gt30hpa,120,0.00074175448884145,0.0007776661561722353,-4.841449276144716
NeuralGCM,K2_adaptive_step2000,temperature,weather_gt30hpa,12,0.491455477181503,0.492785630259495,-0.27065586604517744
NeuralGCM,K2_adaptive_step2000,temperature,weather_gt30hpa,120,1.581170620310525,1.7594639940785997,-11.276036341546746
NeuralGCM,K2_adaptive_step2000,u_component_of_wind,weather_gt30hpa,12,1.2646849549783243,1.2663354882686586,-0.13050944299108913
NeuralGCM,K2_adaptive_step2000,u_component_of_wind,weather_gt30hpa,120,4.200844065305577,4.353263155620651,-3.628296788588048
NeuralGCM,K2_adaptive_step2000,v_component_of_wind,weather_gt30hpa,12,1.315061892697342,1.317178966554258,-0.16098663254346945
NeuralGCM,K2_adaptive_step2000,v_component_of_wind,weather_gt30hpa,120,4.526281696549591,4.616887846027735,-2.0017788452542318
NeuralGCM,K2_adaptive_step2000,geopotential,common_gc_13levels,12,40.869241613350155,40.61520735708316,0.6215781018652833
NeuralGCM,K2_adaptive_step2000,geopotential,common_gc_13levels,120,320.81109036471605,351.24342872387933,-9.486061820545565
NeuralGCM,K2_adaptive_step2000,specific_cloud_ice_water_content,common_gc_13levels,12,4.8162724461491245e-06,4.8205143698297736e-06,-0.08807482815971213
NeuralGCM,K2_adaptive_step2000,specific_cloud_ice_water_content,common_gc_13levels,120,8.001113265515521e-06,8.172985230155125e-06,-2.148100632200345
NeuralGCM,K2_adaptive_step2000,specific_cloud_liquid_water_content,common_gc_13levels,12,8.97952519641047e-06,8.977047029989487e-06,0.027597967228532028
NeuralGCM,K2_adaptive_step2000,specific_cloud_liquid_water_content,common_gc_13levels,120,1.3488723409288407e-05,1.3625435473074966e-05,-1.0135285574350172
NeuralGCM,K2_adaptive_step2000,specific_humidity,common_gc_13levels,12,0.0002654031749523188,0.0002653921093651333,0.004169349966320901
NeuralGCM,K2_adaptive_step2000,specific_humidity,common_gc_13levels,120,0.000616669311673654,0.000646084184110539,-4.769958854779444
NeuralGCM,K2_adaptive_step2000,temperature,common_gc_13levels,12,0.4870470668348766,0.48898971493643334,-0.39886249889178327
NeuralGCM,K2_adaptive_step2000,temperature,common_gc_13levels,120,1.5546151422957992,1.8265687358676985,-17.493306618015314
NeuralGCM,K2_adaptive_step2000,u_component_of_wind,common_gc_13levels,12,1.3095107314980472,1.3115283201311958,-0.15407194340748553
NeuralGCM,K2_adaptive_step2000,u_component_of_wind,common_gc_13levels,120,4.41302248621354,4.608556768546295,-4.430847178857844
NeuralGCM,K2_adaptive_step2000,v_component_of_wind,common_gc_13levels,12,1.3537978801549224,1.3565029688794468,-0.1998148146172829
NeuralGCM,K2_adaptive_step2000,v_component_of_wind,common_gc_13levels,120,4.761647678275887,4.860664347035188,-2.0794623090457875
NeuralGCM,K2_adaptive_step1840,geopotential,weather_gt30hpa,12,39.36390717790979,38.656939040872786,1.7959806018284175
NeuralGCM,K2_adaptive_step1840,geopotential,weather_gt30hpa,120,304.9955450131093,314.13434614324837,-2.996372005940695
NeuralGCM,K2_adaptive_step1840,specific_cloud_ice_water_content,weather_gt30hpa,12,4.387682196276017e-06,4.389830309469362e-06,-0.048957811829852815
NeuralGCM,K2_adaptive_step1840,specific_cloud_ice_water_content,weather_gt30hpa,120,7.2062673140971705e-06,7.266167148376495e-06,-0.8312185999837407
NeuralGCM,K2_adaptive_step1840,specific_cloud_liquid_water_content,weather_gt30hpa,12,1.0641146207692206e-05,1.0641355747036916e-05,-0.001969142615099173
NeuralGCM,K2_adaptive_step1840,specific_cloud_liquid_water_content,weather_gt30hpa,120,1.6023022978193518e-05,1.605927345215555e-05,-0.22623991746979488
NeuralGCM,K2_adaptive_step1840,specific_humidity,weather_gt30hpa,12,0.00031666928083967394,0.00031620001368797284,0.1481884035157477
NeuralGCM,K2_adaptive_step1840,specific_humidity,weather_gt30hpa,120,0.00074175448884145,0.0007657354514551463,-3.233005391197863
NeuralGCM,K2_adaptive_step1840,temperature,weather_gt30hpa,12,0.491455477181503,0.4920861305003262,-0.1283235914756542
NeuralGCM,K2_adaptive_step1840,temperature,weather_gt30hpa,120,1.581170620310525,1.6580179044594912,-4.860151280440195
NeuralGCM,K2_adaptive_step1840,u_component_of_wind,weather_gt30hpa,12,1.2646849549783243,1.2648939590698782,-0.016526178375975142
NeuralGCM,K2_adaptive_step1840,u_component_of_wind,weather_gt30hpa,120,4.200844065305577,4.271414767392884,-1.6799172021200404
NeuralGCM,K2_adaptive_step1840,v_component_of_wind,weather_gt30hpa,12,1.315061892697342,1.31544549408849,-0.029169835524722743
NeuralGCM,K2_adaptive_step1840,v_component_of_wind,weather_gt30hpa,120,4.526281696549591,4.5749134287972435,-1.0744300842946641
NeuralGCM,K2_adaptive_step1840,geopotential,common_gc_13levels,12,40.869241613350155,40.172988870242165,1.703610626531804
NeuralGCM,K2_adaptive_step1840,geopotential,common_gc_13levels,120,320.81109036471605,333.8741042534728,-4.071871042209296
NeuralGCM,K2_adaptive_step1840,specific_cloud_ice_water_content,common_gc_13levels,12,4.8162724461491245e-06,4.81958180980498e-06,-0.06871213563721668
NeuralGCM,K2_adaptive_step1840,specific_cloud_ice_water_content,common_gc_13levels,120,8.001113265515521e-06,8.072097640758736e-06,-0.88718123200624
NeuralGCM,K2_adaptive_step1840,specific_cloud_liquid_water_content,common_gc_13levels,12,8.97952519641047e-06,8.979246458318455e-06,0.0031041517888574788
NeuralGCM,K2_adaptive_step1840,specific_cloud_liquid_water_content,common_gc_13levels,120,1.3488723409288407e-05,1.3522527625660206e-05,-0.2506109388270339
NeuralGCM,K2_adaptive_step1840,specific_humidity,common_gc_13levels,12,0.0002654031749523188,0.0002651728927428535,0.08676693845379724
NeuralGCM,K2_adaptive_step1840,specific_humidity,common_gc_13levels,120,0.000616669311673654,0.0006374288020437878,-3.3663894046862985
NeuralGCM,K2_adaptive_step1840,temperature,common_gc_13levels,12,0.4870470668348766,0.48797830880727106,-0.19120163856980454
NeuralGCM,K2_adaptive_step1840,temperature,common_gc_13levels,120,1.5546151422957992,1.6576888201946518,-6.630173288202834
NeuralGCM,K2_adaptive_step1840,u_component_of_wind,common_gc_13levels,12,1.3095107314980472,1.310146043969596,-0.04851525506950338
NeuralGCM,K2_adaptive_step1840,u_component_of_wind,common_gc_13levels,120,4.41302248621354,4.49796632233154,-1.9248448514225247
NeuralGCM,K2_adaptive_step1840,v_component_of_wind,common_gc_13levels,12,1.3537978801549224,1.3542294073290597,-0.0318753028397456
NeuralGCM,K2_adaptive_step1840,v_component_of_wind,common_gc_13levels,120,4.761647678275887,4.813297255423744,-1.084699680396306
NeuralGCM,K2_calibrated_step2000,geopotential,weather_gt30hpa,12,39.36390717790979,39.501916171540785,-0.3505978027212864
NeuralGCM,K2_calibrated_step2000,geopotential,weather_gt30hpa,120,304.9955450131093,346.7825988704768,-13.700873517864487
NeuralGCM,K2_calibrated_step2000,specific_cloud_ice_water_content,weather_gt30hpa,12,4.387682196276017e-06,4.395498031180535e-06,-0.1781312901638854
NeuralGCM,K2_calibrated_step2000,specific_cloud_ice_water_content,weather_gt30hpa,120,7.2062673140971705e-06,7.401510525659473e-06,-2.7093528875949513
NeuralGCM,K2_calibrated_step2000,specific_cloud_liquid_water_content,weather_gt30hpa,12,1.0641146207692206e-05,1.0653955477947453e-05,-0.12037491079661677
NeuralGCM,K2_calibrated_step2000,specific_cloud_liquid_water_content,weather_gt30hpa,120,1.6023022978193518e-05,1.6225770686718868e-05,-1.2653524169645047
NeuralGCM,K2_calibrated_step2000,specific_humidity,weather_gt30hpa,12,0.00031666928083967394,0.0003165929772649191,0.02409566679550945
NeuralGCM,K2_calibrated_step2000,specific_humidity,weather_gt30hpa,120,0.00074175448884145,0.0007813567388073194,-5.3389970079890325
NeuralGCM,K2_calibrated_step2000,temperature,weather_gt30hpa,12,0.491455477181503,0.4934568826603779,-0.4072404463478563
NeuralGCM,K2_calibrated_step2000,temperature,weather_gt30hpa,120,1.581170620310525,1.82889029073791,-15.666852599293545
NeuralGCM,K2_calibrated_step2000,u_component_of_wind,weather_gt30hpa,12,1.2646849549783243,1.2663238388890132,-0.1295883140095544
NeuralGCM,K2_calibrated_step2000,u_component_of_wind,weather_gt30hpa,120,4.200844065305577,4.41659188660863,-5.135820752902864
NeuralGCM,K2_calibrated_step2000,v_component_of_wind,weather_gt30hpa,12,1.315061892697342,1.3158903909226043,-0.06300070208580255
NeuralGCM,K2_calibrated_step2000,v_component_of_wind,weather_gt30hpa,120,4.526281696549591,4.6551715566580345,-2.847588125297129
NeuralGCM,K2_calibrated_step2000,geopotential,common_gc_13levels,12,40.869241613350155,41.208472808079044,-0.8300403465722139
NeuralGCM,K2_calibrated_step2000,geopotential,common_gc_13levels,120,320.81109036471605,377.7755705146967,-17.756393672432026
NeuralGCM,K2_calibrated_step2000,specific_cloud_ice_water_content,common_gc_13levels,12,4.8162724461491245e-06,4.826278506981074e-06,-0.20775529091900946
NeuralGCM,K2_calibrated_step2000,specific_cloud_ice_water_content,common_gc_13levels,120,8.001113265515521e-06,8.237089299959587e-06,-2.949290012692529
NeuralGCM,K2_calibrated_step2000,specific_cloud_liquid_water_content,common_gc_13levels,12,8.97952519641047e-06,8.9865764675803e-06,-0.07852610261229742
NeuralGCM,K2_calibrated_step2000,specific_cloud_liquid_water_content,common_gc_13levels,120,1.3488723409288407e-05,1.3627179820021342e-05,-1.0264604479738537
NeuralGCM,K2_calibrated_step2000,specific_humidity,common_gc_13levels,12,0.0002654031749523188,0.0002652364363516464,0.06282464431797141
NeuralGCM,K2_calibrated_step2000,specific_humidity,common_gc_13levels,120,0.000616669311673654,0.0006488932790027932,-5.225485802379648
NeuralGCM,K2_calibrated_step2000,temperature,common_gc_13levels,12,0.4870470668348766,0.4902791065391957,-0.6635990491274057
NeuralGCM,K2_calibrated_step2000,temperature,common_gc_13levels,120,1.5546151422957992,1.9018382772210876,-22.33498989418834
NeuralGCM,K2_calibrated_step2000,u_component_of_wind,common_gc_13levels,12,1.3095107314980472,1.311768050478364,-0.17237880729197297
NeuralGCM,K2_calibrated_step2000,u_component_of_wind,common_gc_13levels,120,4.41302248621354,4.691470178071088,-6.309682144775608
NeuralGCM,K2_calibrated_step2000,v_component_of_wind,common_gc_13levels,12,1.3537978801549224,1.3550817407538611,-0.09483399388923175
NeuralGCM,K2_calibrated_step2000,v_component_of_wind,common_gc_13levels,120,4.761647678275887,4.899865848752351,-2.9027382917694355
