label,valid_time,era5_c,pred_c,error_c,abs_error_c
res2_m4_w128_mp1_h6_bs4 (step 78000),2026-01-24 12:00:00,-10.399420166015602,3.4959350585937727,13.895355224609375,13.895355224609375
res2_m4_w128_mp1_h6_bs4 (step 78000),2026-01-24 18:00:00,-7.961706542968727,8.413018798828148,16.374725341796875,16.374725341796875
res2_m4_w128_mp1_h6_bs4 (step 78000),2026-01-25 00:00:00,-6.614233398437477,8.276422119140648,14.890655517578125,14.890655517578125
res2_m4_w128_mp1_h6_bs4 (step 78000),2026-01-25 06:00:00,-6.842749023437477,7.242761230468773,14.08551025390625,14.08551025390625
res2_m4_w128_mp1_h6_bs4 (step 78000),2026-01-25 12:00:00,-5.949133300781227,5.186425781250023,11.13555908203125,11.13555908203125
res2_m4_w128_mp1_h6_bs4 (step 78000),2026-01-25 18:00:00,-0.9989379882812273,7.908410644531273,8.9073486328125,8.9073486328125
res2_m4_w128_mp1_h6_bs4 (step 78000),2026-01-26 00:00:00,1.6336914062500227,5.536645507812523,3.9029541015625,3.9029541015625
res2_m4_w128_mp1_h6_bs4 (step 78000),2026-01-26 06:00:00,-0.9836181640624773,2.8112121582031477,3.794830322265625,3.794830322265625
res2_m4_w128_mp1_h6_bs4 (step 78000),2026-01-26 12:00:00,-2.0976318359374773,2.7418457031250227,4.8394775390625,4.8394775390625
res2_m4_w128_mp1_h6_bs4 (step 78000),2026-01-26 18:00:00,-2.3342041015624773,8.908502197265648,11.242706298828125,11.242706298828125
res2_m4_w128_mp1_h6_bs4 (step 78000),2026-01-27 00:00:00,-3.9899658203124773,7.591699218750023,11.5816650390625,11.5816650390625
res2_m4_w128_mp1_h6_bs4 (step 78000),2026-01-27 06:00:00,-6.858923339843727,4.415826416015648,11.274749755859375,11.274749755859375
res2_m4_w128_mp1_h6_bs4 (step 78000),2026-01-27 12:00:00,-8.906469726562477,2.6162048339843977,11.522674560546875,11.522674560546875
res2_m4_w128_mp1_h6_bs4 (step 78000),2026-01-27 18:00:00,-5.640905761718727,3.3424621582031477,8.983367919921875,8.983367919921875
res2_m4_w128_mp1_h6_bs4 (step 78000),2026-01-28 00:00:00,-4.439031982421852,0.8490844726562727,5.288116455078125,5.288116455078125
res2_m4_w128_mp1_h6_bs4 (step 78000),2026-01-28 06:00:00,-6.505041503906227,0.32262573242189774,6.827667236328125,6.827667236328125
res2_m4_w128_mp1_h6_bs4 (step 78000),2026-01-28 12:00:00,-8.746649169921852,0.10329589843752274,8.849945068359375,8.849945068359375
res2_m4_w128_mp1_h6_bs4 (step 78000),2026-01-28 18:00:00,-5.168676757812477,3.2312561035156477,8.399932861328125,8.399932861328125
res2_m4_w128_mp1_h6_bs4 (step 78000),2026-01-29 00:00:00,-6.373815917968727,4.245385742187523,10.61920166015625,10.61920166015625
res2_m4_w128_mp1_h6_bs4 (step 78000),2026-01-29 06:00:00,-8.877020263671852,1.5455871582031477,10.422607421875,10.422607421875
res2_m4_w128_mp1_h6_bs4 (step 78000),2026-01-29 12:00:00,-10.972570800781227,1.3295837402343977,12.302154541015625,12.302154541015625
res2_m4_w128_mp1_h6_bs4 (step 78000),2026-01-29 18:00:00,-6.115759277343727,4.322259521484398,10.438018798828125,10.438018798828125
res2_m4_w128_mp1_h6_bs4 (step 78000),2026-01-30 00:00:00,-6.351904296874977,6.146752929687523,12.4986572265625,12.4986572265625
res2_m4_w128_mp1_h6_bs4 (step 78000),2026-01-30 06:00:00,-8.039404296874977,2.2437072753906477,10.283111572265625,10.283111572265625
res2_m4_w128_mp1_h6_bs4 (step 78000),2026-01-30 12:00:00,-11.473669433593727,1.3705688476562727,12.84423828125,12.84423828125
res2_m4_w128_mp1_h6_bs4 (step 78000),2026-01-30 18:00:00,-8.677587890624977,4.451715087890648,13.129302978515625,13.129302978515625
res2_m4_w128_mp1_h6_bs4 (step 78000),2026-01-31 00:00:00,-7.929998779296852,3.3441711425781477,11.274169921875,11.274169921875
res2_m4_w128_mp1_h6_bs4 (step 78000),2026-01-31 06:00:00,-10.553808593749977,4.669915771484398,15.223724365234375,15.223724365234375
res2_m4_w128_mp1_h6_bs4 (step 78000),2026-01-31 12:00:00,-12.356268310546852,6.743829345703148,19.10009765625,19.10009765625
res2_m4_w128_mp1_h6_bs4 (step 78000),2026-01-31 18:00:00,-6.756719970703102,7.559411621093773,14.316131591796875,14.316131591796875
res2_m4_w128_mp1_h6_bs4 (step 78000),2026-02-01 00:00:00,-5.106573486328102,10.685540771484398,15.7921142578125,15.7921142578125
res2_m4_w128_mp1_h6_bs4 (step 78000),2026-02-01 06:00:00,-6.130590820312477,10.334771728515648,16.465362548828125,16.465362548828125
res2_m4_w128_mp1_h6_bs4 (step 78000),2026-02-01 12:00:00,-8.921636962890602,10.161431884765648,19.08306884765625,19.08306884765625
res2_m4_w128_mp1_h6_bs4 (step 78000),2026-02-01 18:00:00,-6.506689453124977,11.298852539062523,17.8055419921875,17.8055419921875
res2_m4_w128_mp1_h6_bs4 (step 78000),2026-02-02 00:00:00,-4.664770507812477,9.760186767578148,14.424957275390625,14.424957275390625
res2_m4_w128_mp1_h6_bs4 (step 78000),2026-02-02 06:00:00,-7.738592529296852,8.141198730468773,15.879791259765625,15.879791259765625
res2_m4_w128_mp1_h6_bs4 (step 78000),2026-02-02 12:00:00,-7.579260253906227,7.942437744140648,15.521697998046875,15.521697998046875
res2_m4_w128_mp1_h6_bs4 (step 78000),2026-02-02 18:00:00,-0.6008056640624773,8.848291015625023,9.4490966796875,9.4490966796875
res2_m4_w128_mp1_h6_bs4 (step 78000),2026-02-03 00:00:00,0.05758056640627274,7.803460693359398,7.745880126953125,7.745880126953125
res2_m4_w128_mp1_h6_bs4 (step 78000),2026-02-03 06:00:00,-3.0601257324218523,5.916131591796898,8.97625732421875,8.97625732421875
res2_m4_w128_mp1_h6_bs4 (step 78000),2026-02-03 12:00:00,-5.066198730468727,2.4833007812500227,7.54949951171875,7.54949951171875
res2_m4_w128_mp1_h6_bs4 (step 78000),2026-02-03 18:00:00,0.9055419921875227,3.2000671386718977,2.294525146484375,2.294525146484375
res2_m4_w128_mp1_h6_bs4 (step 78000),2026-02-04 00:00:00,1.2285400390625227,1.4215637207031477,0.193023681640625,0.193023681640625
res2_m4_w128_mp1_h6_bs4 (step 78000),2026-02-04 06:00:00,0.7866455078125227,0.05083618164064774,-0.735809326171875,0.735809326171875
res2_m4_w128_mp1_h6_bs4 (step 78000),2026-02-04 12:00:00,0.27987060546877274,-0.7433837890624773,-1.02325439453125,1.02325439453125
res2_m4_w128_mp1_h6_bs4 (step 78000),2026-02-04 18:00:00,-0.09238281249997726,4.051080322265648,4.143463134765625,4.143463134765625
res2_m4_w128_mp1_h6_bs4 (step 78000),2026-02-05 00:00:00,0.9365478515625227,5.101586914062523,4.1650390625,4.1650390625
res2_m4_w128_mp1_h6_bs4 (step 78000),2026-02-05 06:00:00,-2.0011962890624773,6.462670898437523,8.4638671875,8.4638671875
res2_m4_w128_mp1_h6_bs4 (step 78000),2026-02-05 12:00:00,-5.306341552734352,6.836053466796898,12.14239501953125,12.14239501953125
res2_m4_w128_mp1_h6_bs4 (step 78000),2026-02-05 18:00:00,-1.8114379882812273,9.225030517578148,11.036468505859375,11.036468505859375
res2_m4_w128_mp1_h6_bs4 (step 78000),2026-02-06 00:00:00,-1.0391601562499773,10.110589599609398,11.149749755859375,11.149749755859375
res2_m4_w128_mp1_h6_bs4 (step 78000),2026-02-06 06:00:00,-2.0542968749999773,9.220269775390648,11.274566650390625,11.274566650390625
res2_m4_w128_mp1_h6_bs4 (step 78000),2026-02-06 12:00:00,-3.6400512695312273,9.706628417968773,13.3466796875,13.3466796875
res2_m4_w128_mp1_h6_bs4 (step 78000),2026-02-06 18:00:00,-0.10147705078122726,10.337731933593773,10.439208984375,10.439208984375
res2_m4_w128_mp1_h6_bs4 (step 78000),2026-02-07 00:00:00,0.6646972656250227,10.434320068359398,9.769622802734375,9.769622802734375
res2_m4_w128_mp1_h6_bs4 (step 78000),2026-02-07 06:00:00,-1.3418640136718523,8.688012695312523,10.029876708984375,10.029876708984375
res2_m4_w128_mp1_h6_bs4 (step 78000),2026-02-07 12:00:00,-3.2405151367187273,8.403863525390648,11.644378662109375,11.644378662109375
res2_m4_w128_mp1_h6_bs4 (step 78000),2026-02-07 18:00:00,-9.481695556640602,13.238275146484398,22.719970703125,22.719970703125
res2_m4_w128_mp1_h6_bs4 (step 78000),2026-02-08 00:00:00,-11.356695556640602,12.518518066406273,23.875213623046875,23.875213623046875
res2_m4_w128_mp1_h6_bs4 (step 78000),2026-02-08 06:00:00,-12.810827636718727,11.740197753906273,24.551025390625,24.551025390625
res2_m4_w128_mp1_h6_bs4 (step 78000),2026-02-08 12:00:00,-13.716284179687477,10.427209472656273,24.14349365234375,24.14349365234375
res2_m4_w128_mp1_h6_bs4 (step 78000),2026-02-08 18:00:00,-9.122686767578102,13.879296875000023,23.001983642578125,23.001983642578125
res2_m4_w128_mp1_h6_bs4 (step 78000),2026-02-09 00:00:00,-7.446142578124977,15.530969238281273,22.97711181640625,22.97711181640625
res2_m4_w128_mp1_h6_bs4 (step 78000),2026-02-09 06:00:00,-9.878698730468727,12.740411376953148,22.619110107421875,22.619110107421875
res2_m4_w128_mp1_h6_bs4 (step 78000),2026-02-09 12:00:00,-10.475592041015602,11.832147216796898,22.3077392578125,22.3077392578125
res2_m4_w128_mp1_h6_bs4 (step 78000),2026-02-09 18:00:00,-3.7253479003906023,14.595941162109398,18.3212890625,18.3212890625
res2_m4_w128_mp1_h6_bs4 (step 78000),2026-02-10 00:00:00,-0.7656005859374773,15.883355712890648,16.648956298828125,16.648956298828125
res2_m4_w128_mp1_h6_bs4 (step 78000),2026-02-10 06:00:00,-2.4319519042968523,13.117852783203148,15.5498046875,15.5498046875
res2_m4_w128_mp1_h6_bs4 (step 78000),2026-02-10 12:00:00,-3.0523437499999773,11.526849365234398,14.579193115234375,14.579193115234375
res2_m4_w128_mp1_h6_bs4 (step 78000),2026-02-10 18:00:00,1.4015747070312727,14.109674072265648,12.708099365234375,12.708099365234375
res2_m4_w128_mp1_h6_bs4 (step 78000),2026-02-11 00:00:00,2.8020874023437727,9.753564453125023,6.95147705078125,6.95147705078125
res2_m4_w128_mp1_h6_bs4 (step 78000),2026-02-11 06:00:00,1.3017517089843977,8.279443359375023,6.977691650390625,6.977691650390625
res2_m4_w128_mp1_h6_bs4 (step 78000),2026-02-11 12:00:00,1.9490295410156477,7.254846191406273,5.305816650390625,5.305816650390625
res2_m4_w128_mp1_h6_bs4 (step 78000),2026-02-11 18:00:00,5.391748046875023,11.764459228515648,6.372711181640625,6.372711181640625
res2_m4_w128_mp1_h6_bs4 (step 78000),2026-02-12 00:00:00,2.9899536132812727,10.092645263671898,7.102691650390625,7.102691650390625
res2_m4_w128_mp1_h6_bs4 (step 78000),2026-02-12 06:00:00,0.7694030761718977,10.927575683593773,10.158172607421875,10.158172607421875
res2_m4_w128_mp1_h6_bs4 (step 78000),2026-02-12 12:00:00,0.06881103515627274,11.267358398437523,11.19854736328125,11.19854736328125
res2_m4_w128_mp1_h6_bs4 (step 78000),2026-02-12 18:00:00,1.4705444335937727,13.698114013671898,12.227569580078125,12.227569580078125
res2_m4_w128_mp1_h6_bs4 (step 78000),2026-02-13 00:00:00,0.7520690917968977,13.740014648437523,12.987945556640625,12.987945556640625
res2_m4_w128_mp1_h6_bs4 (step 78000),2026-02-13 06:00:00,-1.7212280273437273,12.188348388671898,13.909576416015625,13.909576416015625
res2_m4_w128_mp1_h6_bs4 (step 78000),2026-02-13 12:00:00,-3.5005859374999773,11.872399902343773,15.37298583984375,15.37298583984375
res2_m4_w128_mp1_h6_bs4 (step 78000),2026-02-13 18:00:00,0.8124633789062727,13.920800781250023,13.10833740234375,13.10833740234375
res2_m4_w128_mp1_h6_bs4 (step 78000),2026-02-14 00:00:00,1.8525939941406477,15.071496582031273,13.218902587890625,13.218902587890625
res2_m4_w128_mp1_h6_bs4 (step 78000),2026-02-14 06:00:00,-0.28311767578122726,14.542108154296898,14.825225830078125,14.825225830078125
res2_m4_w128_mp1_h6_bs4 (step 78000),2026-02-14 12:00:00,-0.16721191406247726,13.211267089843773,13.37847900390625,13.37847900390625
res2_m4_w128_mp1_h6_bs4 (step 78000),2026-02-14 18:00:00,5.243157958984398,15.122491455078148,9.87933349609375,9.87933349609375
res2_m4_w128_mp1_h6_bs4 (step 78000),2026-02-15 00:00:00,4.379479980468773,14.418634033203148,10.039154052734375,10.039154052734375
res2_m4_w128_mp1_h6_bs4 (step 78000),2026-02-15 06:00:00,2.0650878906250227,13.122491455078148,11.057403564453125,11.057403564453125
res2_m4_w128_mp1_h6_bs4 (step 78000),2026-02-15 12:00:00,0.6053100585937727,12.302545166015648,11.697235107421875,11.697235107421875
res2_m4_w128_mp1_h6_bs4 (step 78000),2026-02-15 18:00:00,3.0157714843750227,16.172326660156273,13.15655517578125,13.15655517578125
res2_m4_w128_mp1_h6_bs4 (step 78000),2026-02-16 00:00:00,3.1725097656250227,17.728997802734398,14.556488037109375,14.556488037109375
res2_m4_w128_mp2_h6_bs4 (step 72000),2026-01-24 12:00:00,-10.399420166015602,3.5603271484375227,13.959747314453125,13.959747314453125
res2_m4_w128_mp2_h6_bs4 (step 72000),2026-01-24 18:00:00,-7.961706542968727,6.533044433593773,14.4947509765625,14.4947509765625
res2_m4_w128_mp2_h6_bs4 (step 72000),2026-01-25 00:00:00,-6.614233398437477,5.429711914062523,12.0439453125,12.0439453125
res2_m4_w128_mp2_h6_bs4 (step 72000),2026-01-25 06:00:00,-6.842749023437477,5.529016113281273,12.37176513671875,12.37176513671875
res2_m4_w128_mp2_h6_bs4 (step 72000),2026-01-25 12:00:00,-5.949133300781227,1.0780883789062727,7.0272216796875,7.0272216796875
res2_m4_w128_mp2_h6_bs4 (step 72000),2026-01-25 18:00:00,-0.9989379882812273,-0.6894592285156023,0.309478759765625,0.309478759765625
res2_m4_w128_mp2_h6_bs4 (step 72000),2026-01-26 00:00:00,1.6336914062500227,-1.9597229003906023,-3.593414306640625,3.593414306640625
res2_m4_w128_mp2_h6_bs4 (step 72000),2026-01-26 06:00:00,-0.9836181640624773,-3.9184631347656023,-2.934844970703125,2.934844970703125
res2_m4_w128_mp2_h6_bs4 (step 72000),2026-01-26 12:00:00,-2.0976318359374773,-7.654272460937477,-5.556640625,5.556640625
res2_m4_w128_mp2_h6_bs4 (step 72000),2026-01-26 18:00:00,-2.3342041015624773,-4.578771972656227,-2.24456787109375,2.24456787109375
res2_m4_w128_mp2_h6_bs4 (step 72000),2026-01-27 00:00:00,-3.9899658203124773,-5.421636962890602,-1.431671142578125,1.431671142578125
res2_m4_w128_mp2_h6_bs4 (step 72000),2026-01-27 06:00:00,-6.858923339843727,-6.902868652343727,-0.0439453125,0.0439453125
res2_m4_w128_mp2_h6_bs4 (step 72000),2026-01-27 12:00:00,-8.906469726562477,-9.561468505859352,-0.654998779296875,0.654998779296875
res2_m4_w128_mp2_h6_bs4 (step 72000),2026-01-27 18:00:00,-5.640905761718727,-3.9736999511718523,1.667205810546875,1.667205810546875
res2_m4_w128_mp2_h6_bs4 (step 72000),2026-01-28 00:00:00,-4.439031982421852,-5.656286621093727,-1.217254638671875,1.217254638671875
res2_m4_w128_mp2_h6_bs4 (step 72000),2026-01-28 06:00:00,-6.505041503906227,-5.937689208984352,0.567352294921875,0.567352294921875
res2_m4_w128_mp2_h6_bs4 (step 72000),2026-01-28 12:00:00,-8.746649169921852,-10.354925537109352,-1.6082763671875,1.6082763671875
res2_m4_w128_mp2_h6_bs4 (step 72000),2026-01-28 18:00:00,-5.168676757812477,-5.875616455078102,-0.706939697265625,0.706939697265625
res2_m4_w128_mp2_h6_bs4 (step 72000),2026-01-29 00:00:00,-6.373815917968727,-6.604406738281227,-0.2305908203125,0.2305908203125
res2_m4_w128_mp2_h6_bs4 (step 72000),2026-01-29 06:00:00,-8.877020263671852,-6.300970458984352,2.5760498046875,2.5760498046875
res2_m4_w128_mp2_h6_bs4 (step 72000),2026-01-29 12:00:00,-10.972570800781227,-4.037268066406227,6.935302734375,6.935302734375
res2_m4_w128_mp2_h6_bs4 (step 72000),2026-01-29 18:00:00,-6.115759277343727,-2.5003417968749773,3.61541748046875,3.61541748046875
res2_m4_w128_mp2_h6_bs4 (step 72000),2026-01-30 00:00:00,-6.351904296874977,-0.5484069824218523,5.803497314453125,5.803497314453125
res2_m4_w128_mp2_h6_bs4 (step 72000),2026-01-30 06:00:00,-8.039404296874977,-1.1093200683593523,6.930084228515625,6.930084228515625
res2_m4_w128_mp2_h6_bs4 (step 72000),2026-01-30 12:00:00,-11.473669433593727,-0.5185607910156023,10.955108642578125,10.955108642578125
res2_m4_w128_mp2_h6_bs4 (step 72000),2026-01-30 18:00:00,-8.677587890624977,3.6254821777343977,12.303070068359375,12.303070068359375
res2_m4_w128_mp2_h6_bs4 (step 72000),2026-01-31 00:00:00,-7.929998779296852,4.318017578125023,12.248016357421875,12.248016357421875
res2_m4_w128_mp2_h6_bs4 (step 72000),2026-01-31 06:00:00,-10.553808593749977,5.830529785156273,16.38433837890625,16.38433837890625
res2_m4_w128_mp2_h6_bs4 (step 72000),2026-01-31 12:00:00,-12.356268310546852,4.638635253906273,16.994903564453125,16.994903564453125
res2_m4_w128_mp2_h6_bs4 (step 72000),2026-01-31 18:00:00,-6.756719970703102,6.636285400390648,13.39300537109375,13.39300537109375
res2_m4_w128_mp2_h6_bs4 (step 72000),2026-02-01 00:00:00,-5.106573486328102,6.553125000000023,11.659698486328125,11.659698486328125
res2_m4_w128_mp2_h6_bs4 (step 72000),2026-02-01 06:00:00,-6.130590820312477,3.0803466796875227,9.2109375,9.2109375
res2_m4_w128_mp2_h6_bs4 (step 72000),2026-02-01 12:00:00,-8.921636962890602,-0.18228759765622726,8.739349365234375,8.739349365234375
res2_m4_w128_mp2_h6_bs4 (step 72000),2026-02-01 18:00:00,-6.506689453124977,4.333612060546898,10.840301513671875,10.840301513671875
res2_m4_w128_mp2_h6_bs4 (step 72000),2026-02-02 00:00:00,-4.664770507812477,1.8790222167968977,6.543792724609375,6.543792724609375
res2_m4_w128_mp2_h6_bs4 (step 72000),2026-02-02 06:00:00,-7.738592529296852,-4.654974365234352,3.0836181640625,3.0836181640625
res2_m4_w128_mp2_h6_bs4 (step 72000),2026-02-02 12:00:00,-7.579260253906227,-8.361242675781227,-0.781982421875,0.781982421875
res2_m4_w128_mp2_h6_bs4 (step 72000),2026-02-02 18:00:00,-0.6008056640624773,-3.0777343749999773,-2.4769287109375,2.4769287109375
res2_m4_w128_mp2_h6_bs4 (step 72000),2026-02-03 00:00:00,0.05758056640627274,-5.255621337890602,-5.313201904296875,5.313201904296875
res2_m4_w128_mp2_h6_bs4 (step 72000),2026-02-03 06:00:00,-3.0601257324218523,-6.973883056640602,-3.91375732421875,3.91375732421875
res2_m4_w128_mp2_h6_bs4 (step 72000),2026-02-03 12:00:00,-5.066198730468727,-7.031896972656227,-1.9656982421875,1.9656982421875
res2_m4_w128_mp2_h6_bs4 (step 72000),2026-02-03 18:00:00,0.9055419921875227,-3.2845214843749773,-4.1900634765625,4.1900634765625
res2_m4_w128_mp2_h6_bs4 (step 72000),2026-02-04 00:00:00,1.2285400390625227,-1.1850952148437273,-2.41363525390625,2.41363525390625
res2_m4_w128_mp2_h6_bs4 (step 72000),2026-02-04 06:00:00,0.7866455078125227,0.8699584960937727,0.08331298828125,0.08331298828125
res2_m4_w128_mp2_h6_bs4 (step 72000),2026-02-04 12:00:00,0.27987060546877274,2.7083679199218977,2.428497314453125,2.428497314453125
res2_m4_w128_mp2_h6_bs4 (step 72000),2026-02-04 18:00:00,-0.09238281249997726,4.915338134765648,5.007720947265625,5.007720947265625
res2_m4_w128_mp2_h6_bs4 (step 72000),2026-02-05 00:00:00,0.9365478515625227,6.614404296875023,5.6778564453125,5.6778564453125
res2_m4_w128_mp2_h6_bs4 (step 72000),2026-02-05 06:00:00,-2.0011962890624773,4.835443115234398,6.836639404296875,6.836639404296875
res2_m4_w128_mp2_h6_bs4 (step 72000),2026-02-05 12:00:00,-5.306341552734352,1.3970886230468977,6.70343017578125,6.70343017578125
res2_m4_w128_mp2_h6_bs4 (step 72000),2026-02-05 18:00:00,-1.8114379882812273,0.26680908203127274,2.0782470703125,2.0782470703125
res2_m4_w128_mp2_h6_bs4 (step 72000),2026-02-06 00:00:00,-1.0391601562499773,-0.8283142089843523,0.210845947265625,0.210845947265625
res2_m4_w128_mp2_h6_bs4 (step 72000),2026-02-06 06:00:00,-2.0542968749999773,-3.1782897949218523,-1.123992919921875,1.123992919921875
res2_m4_w128_mp2_h6_bs4 (step 72000),2026-02-06 12:00:00,-3.6400512695312273,-4.502905273437477,-0.86285400390625,0.86285400390625
res2_m4_w128_mp2_h6_bs4 (step 72000),2026-02-06 18:00:00,-0.10147705078122726,-0.6392883300781023,-0.537811279296875,0.537811279296875
res2_m4_w128_mp2_h6_bs4 (step 72000),2026-02-07 00:00:00,0.6646972656250227,0.43383178710939774,-0.230865478515625,0.230865478515625
res2_m4_w128_mp2_h6_bs4 (step 72000),2026-02-07 06:00:00,-1.3418640136718523,-0.6811889648437273,0.660675048828125,0.660675048828125
res2_m4_w128_mp2_h6_bs4 (step 72000),2026-02-07 12:00:00,-3.2405151367187273,-0.5460571289062273,2.6944580078125,2.6944580078125
res2_m4_w128_mp2_h6_bs4 (step 72000),2026-02-07 18:00:00,-9.481695556640602,2.8262268066406477,12.30792236328125,12.30792236328125
res2_m4_w128_mp2_h6_bs4 (step 72000),2026-02-08 00:00:00,-11.356695556640602,2.7165161132812727,14.073211669921875,14.073211669921875
res2_m4_w128_mp2_h6_bs4 (step 72000),2026-02-08 06:00:00,-12.810827636718727,1.2942749023437727,14.1051025390625,14.1051025390625
res2_m4_w128_mp2_h6_bs4 (step 72000),2026-02-08 12:00:00,-13.716284179687477,1.6523986816406477,15.368682861328125,15.368682861328125
res2_m4_w128_mp2_h6_bs4 (step 72000),2026-02-08 18:00:00,-9.122686767578102,6.911248779296898,16.033935546875,16.033935546875
res2_m4_w128_mp2_h6_bs4 (step 72000),2026-02-09 00:00:00,-7.446142578124977,8.234155273437523,15.6802978515625,15.6802978515625
res2_m4_w128_mp2_h6_bs4 (step 72000),2026-02-09 06:00:00,-9.878698730468727,7.753137207031273,17.6318359375,17.6318359375
res2_m4_w128_mp2_h6_bs4 (step 72000),2026-02-09 12:00:00,-10.475592041015602,5.796136474609398,16.271728515625,16.271728515625
res2_m4_w128_mp2_h6_bs4 (step 72000),2026-02-09 18:00:00,-3.7253479003906023,8.728204345703148,12.45355224609375,12.45355224609375
res2_m4_w128_mp2_h6_bs4 (step 72000),2026-02-10 00:00:00,-0.7656005859374773,6.824395751953148,7.589996337890625,7.589996337890625
res2_m4_w128_mp2_h6_bs4 (step 72000),2026-02-10 06:00:00,-2.4319519042968523,5.361444091796898,7.79339599609375,7.79339599609375
res2_m4_w128_mp2_h6_bs4 (step 72000),2026-02-10 12:00:00,-3.0523437499999773,2.5704284667968977,5.622772216796875,5.622772216796875
res2_m4_w128_mp2_h6_bs4 (step 72000),2026-02-10 18:00:00,1.4015747070312727,8.131311035156273,6.729736328125,6.729736328125
res2_m4_w128_mp2_h6_bs4 (step 72000),2026-02-11 00:00:00,2.8020874023437727,8.558618164062523,5.75653076171875,5.75653076171875
res2_m4_w128_mp2_h6_bs4 (step 72000),2026-02-11 06:00:00,1.3017517089843977,7.614099121093773,6.312347412109375,6.312347412109375
res2_m4_w128_mp2_h6_bs4 (step 72000),2026-02-11 12:00:00,1.9490295410156477,8.331964111328148,6.3829345703125,6.3829345703125
res2_m4_w128_mp2_h6_bs4 (step 72000),2026-02-11 18:00:00,5.391748046875023,11.517327880859398,6.125579833984375,6.125579833984375
res2_m4_w128_mp2_h6_bs4 (step 72000),2026-02-12 00:00:00,2.9899536132812727,7.654260253906273,4.664306640625,4.664306640625
res2_m4_w128_mp2_h6_bs4 (step 72000),2026-02-12 06:00:00,0.7694030761718977,7.770349121093773,7.000946044921875,7.000946044921875
res2_m4_w128_mp2_h6_bs4 (step 72000),2026-02-12 12:00:00,0.06881103515627274,6.921075439453148,6.852264404296875,6.852264404296875
res2_m4_w128_mp2_h6_bs4 (step 72000),2026-02-12 18:00:00,1.4705444335937727,9.051232910156273,7.5806884765625,7.5806884765625
res2_m4_w128_mp2_h6_bs4 (step 72000),2026-02-13 00:00:00,0.7520690917968977,6.589807128906273,5.837738037109375,5.837738037109375
res2_m4_w128_mp2_h6_bs4 (step 72000),2026-02-13 06:00:00,-1.7212280273437273,5.006860351562523,6.72808837890625,6.72808837890625
res2_m4_w128_mp2_h6_bs4 (step 72000),2026-02-13 12:00:00,-3.5005859374999773,3.8155761718750227,7.316162109375,7.316162109375
res2_m4_w128_mp2_h6_bs4 (step 72000),2026-02-13 18:00:00,0.8124633789062727,6.635675048828148,5.823211669921875,5.823211669921875
res2_m4_w128_mp2_h6_bs4 (step 72000),2026-02-14 00:00:00,1.8525939941406477,10.093408203125023,8.240814208984375,8.240814208984375
res2_m4_w128_mp2_h6_bs4 (step 72000),2026-02-14 06:00:00,-0.28311767578122726,10.297296142578148,10.580413818359375,10.580413818359375
res2_m4_w128_mp2_h6_bs4 (step 72000),2026-02-14 12:00:00,-0.16721191406247726,9.442864990234398,9.610076904296875,9.610076904296875
res2_m4_w128_mp2_h6_bs4 (step 72000),2026-02-14 18:00:00,5.243157958984398,10.383752441406273,5.140594482421875,5.140594482421875
res2_m4_w128_mp2_h6_bs4 (step 72000),2026-02-15 00:00:00,4.379479980468773,11.889886474609398,7.510406494140625,7.510406494140625
res2_m4_w128_mp2_h6_bs4 (step 72000),2026-02-15 06:00:00,2.0650878906250227,12.753076171875023,10.68798828125,10.68798828125
res2_m4_w128_mp2_h6_bs4 (step 72000),2026-02-15 12:00:00,0.6053100585937727,11.546289062500023,10.94097900390625,10.94097900390625
res2_m4_w128_mp2_h6_bs4 (step 72000),2026-02-15 18:00:00,3.0157714843750227,11.231347656250023,8.215576171875,8.215576171875
res2_m4_w128_mp2_h6_bs4 (step 72000),2026-02-16 00:00:00,3.1725097656250227,10.479119873046898,7.306610107421875,7.306610107421875
res2_m4_w256_mp1_h6_bs4 (step 76000),2026-01-24 12:00:00,-10.399420166015602,-12.748815917968727,-2.349395751953125,2.349395751953125
res2_m4_w256_mp1_h6_bs4 (step 76000),2026-01-24 18:00:00,-7.961706542968727,-7.381079101562477,0.58062744140625,0.58062744140625
res2_m4_w256_mp1_h6_bs4 (step 76000),2026-01-25 00:00:00,-6.614233398437477,-1.7836669921874773,4.83056640625,4.83056640625
res2_m4_w256_mp1_h6_bs4 (step 76000),2026-01-25 06:00:00,-6.842749023437477,-7.292456054687477,-0.44970703125,0.44970703125
res2_m4_w256_mp1_h6_bs4 (step 76000),2026-01-25 12:00:00,-5.949133300781227,-0.12552490234372726,5.8236083984375,5.8236083984375
res2_m4_w256_mp1_h6_bs4 (step 76000),2026-01-25 18:00:00,-0.9989379882812273,-1.1612304687499773,-0.16229248046875,0.16229248046875
res2_m4_w256_mp1_h6_bs4 (step 76000),2026-01-26 00:00:00,1.6336914062500227,-5.409399414062477,-7.0430908203125,7.0430908203125
res2_m4_w256_mp1_h6_bs4 (step 76000),2026-01-26 06:00:00,-0.9836181640624773,-7.317297363281227,-6.33367919921875,6.33367919921875
res2_m4_w256_mp1_h6_bs4 (step 76000),2026-01-26 12:00:00,-2.0976318359374773,-5.228613281249977,-3.1309814453125,3.1309814453125
res2_m4_w256_mp1_h6_bs4 (step 76000),2026-01-26 18:00:00,-2.3342041015624773,-3.6176208496093523,-1.283416748046875,1.283416748046875
res2_m4_w256_mp1_h6_bs4 (step 76000),2026-01-27 00:00:00,-3.9899658203124773,-1.7238830566406023,2.266082763671875,2.266082763671875
res2_m4_w256_mp1_h6_bs4 (step 76000),2026-01-27 06:00:00,-6.858923339843727,-1.5945800781249773,5.26434326171875,5.26434326171875
res2_m4_w256_mp1_h6_bs4 (step 76000),2026-01-27 12:00:00,-8.906469726562477,-1.7382873535156023,7.168182373046875,7.168182373046875
res2_m4_w256_mp1_h6_bs4 (step 76000),2026-01-27 18:00:00,-5.640905761718727,-2.1290649414062273,3.5118408203125,3.5118408203125
res2_m4_w256_mp1_h6_bs4 (step 76000),2026-01-28 00:00:00,-4.439031982421852,-1.4854797363281023,2.95355224609375,2.95355224609375
res2_m4_w256_mp1_h6_bs4 (step 76000),2026-01-28 06:00:00,-6.505041503906227,-3.2058776855468523,3.299163818359375,3.299163818359375
res2_m4_w256_mp1_h6_bs4 (step 76000),2026-01-28 12:00:00,-8.746649169921852,-7.494665527343727,1.251983642578125,1.251983642578125
res2_m4_w256_mp1_h6_bs4 (step 76000),2026-01-28 18:00:00,-5.168676757812477,-4.848150634765602,0.320526123046875,0.320526123046875
res2_m4_w256_mp1_h6_bs4 (step 76000),2026-01-29 00:00:00,-6.373815917968727,-5.896856689453102,0.476959228515625,0.476959228515625
res2_m4_w256_mp1_h6_bs4 (step 76000),2026-01-29 06:00:00,-8.877020263671852,-8.522528076171852,0.3544921875,0.3544921875
res2_m4_w256_mp1_h6_bs4 (step 76000),2026-01-29 12:00:00,-10.972570800781227,-11.599676513671852,-0.627105712890625,0.627105712890625
res2_m4_w256_mp1_h6_bs4 (step 76000),2026-01-29 18:00:00,-6.115759277343727,-4.151953124999977,1.96380615234375,1.96380615234375
res2_m4_w256_mp1_h6_bs4 (step 76000),2026-01-30 00:00:00,-6.351904296874977,-2.8781188964843523,3.473785400390625,3.473785400390625
res2_m4_w256_mp1_h6_bs4 (step 76000),2026-01-30 06:00:00,-8.039404296874977,-7.965063476562477,0.0743408203125,0.0743408203125
res2_m4_w256_mp1_h6_bs4 (step 76000),2026-01-30 12:00:00,-11.473669433593727,-10.748632812499977,0.72503662109375,0.72503662109375
res2_m4_w256_mp1_h6_bs4 (step 76000),2026-01-30 18:00:00,-8.677587890624977,-8.176062011718727,0.50152587890625,0.50152587890625
res2_m4_w256_mp1_h6_bs4 (step 76000),2026-01-31 00:00:00,-7.929998779296852,-7.377905273437477,0.552093505859375,0.552093505859375
res2_m4_w256_mp1_h6_bs4 (step 76000),2026-01-31 06:00:00,-10.553808593749977,-4.615240478515602,5.938568115234375,5.938568115234375
res2_m4_w256_mp1_h6_bs4 (step 76000),2026-01-31 12:00:00,-12.356268310546852,-7.419592285156227,4.936676025390625,4.936676025390625
res2_m4_w256_mp1_h6_bs4 (step 76000),2026-01-31 18:00:00,-6.756719970703102,0.7148071289062727,7.471527099609375,7.471527099609375
res2_m4_w256_mp1_h6_bs4 (step 76000),2026-02-01 00:00:00,-5.106573486328102,0.007165527343772737,5.113739013671875,5.113739013671875
res2_m4_w256_mp1_h6_bs4 (step 76000),2026-02-01 06:00:00,-6.130590820312477,-3.4752258300781023,2.655364990234375,2.655364990234375
res2_m4_w256_mp1_h6_bs4 (step 76000),2026-02-01 12:00:00,-8.921636962890602,-3.9142822265624773,5.007354736328125,5.007354736328125
res2_m4_w256_mp1_h6_bs4 (step 76000),2026-02-01 18:00:00,-6.506689453124977,-0.9704345703124773,5.5362548828125,5.5362548828125
res2_m4_w256_mp1_h6_bs4 (step 76000),2026-02-02 00:00:00,-4.664770507812477,1.1313110351562727,5.79608154296875,5.79608154296875
res2_m4_w256_mp1_h6_bs4 (step 76000),2026-02-02 06:00:00,-7.738592529296852,0.47615966796877274,8.214752197265625,8.214752197265625
res2_m4_w256_mp1_h6_bs4 (step 76000),2026-02-02 12:00:00,-7.579260253906227,1.4125610351562727,8.9918212890625,8.9918212890625
res2_m4_w256_mp1_h6_bs4 (step 76000),2026-02-02 18:00:00,-0.6008056640624773,3.0183349609375227,3.619140625,3.619140625
res2_m4_w256_mp1_h6_bs4 (step 76000),2026-02-03 00:00:00,0.05758056640627274,4.462274169921898,4.404693603515625,4.404693603515625
res2_m4_w256_mp1_h6_bs4 (step 76000),2026-02-03 06:00:00,-3.0601257324218523,2.2712341308593977,5.33135986328125,5.33135986328125
res2_m4_w256_mp1_h6_bs4 (step 76000),2026-02-03 12:00:00,-5.066198730468727,-0.7946533203124773,4.27154541015625,4.27154541015625
res2_m4_w256_mp1_h6_bs4 (step 76000),2026-02-03 18:00:00,0.9055419921875227,1.6889892578125227,0.783447265625,0.783447265625
res2_m4_w256_mp1_h6_bs4 (step 76000),2026-02-04 00:00:00,1.2285400390625227,4.732476806640648,3.503936767578125,3.503936767578125
res2_m4_w256_mp1_h6_bs4 (step 76000),2026-02-04 06:00:00,0.7866455078125227,3.7728210449218977,2.986175537109375,2.986175537109375
res2_m4_w256_mp1_h6_bs4 (step 76000),2026-02-04 12:00:00,0.27987060546877274,5.081170654296898,4.801300048828125,4.801300048828125
res2_m4_w256_mp1_h6_bs4 (step 76000),2026-02-04 18:00:00,-0.09238281249997726,8.045983886718773,8.13836669921875,8.13836669921875
res2_m4_w256_mp1_h6_bs4 (step 76000),2026-02-05 00:00:00,0.9365478515625227,9.229699707031273,8.29315185546875,8.29315185546875
res2_m4_w256_mp1_h6_bs4 (step 76000),2026-02-05 06:00:00,-2.0011962890624773,6.403833007812523,8.405029296875,8.405029296875
res2_m4_w256_mp1_h6_bs4 (step 76000),2026-02-05 12:00:00,-5.306341552734352,6.327264404296898,11.63360595703125,11.63360595703125
res2_m4_w256_mp1_h6_bs4 (step 76000),2026-02-05 18:00:00,-1.8114379882812273,7.580926513671898,9.392364501953125,9.392364501953125
res2_m4_w256_mp1_h6_bs4 (step 76000),2026-02-06 00:00:00,-1.0391601562499773,7.079248046875023,8.118408203125,8.118408203125
res2_m4_w256_mp1_h6_bs4 (step 76000),2026-02-06 06:00:00,-2.0542968749999773,4.105523681640648,6.159820556640625,6.159820556640625
res2_m4_w256_mp1_h6_bs4 (step 76000),2026-02-06 12:00:00,-3.6400512695312273,6.248529052734398,9.888580322265625,9.888580322265625
res2_m4_w256_mp1_h6_bs4 (step 76000),2026-02-06 18:00:00,-0.10147705078122726,7.657434082031273,7.7589111328125,7.7589111328125
res2_m4_w256_mp1_h6_bs4 (step 76000),2026-02-07 00:00:00,0.6646972656250227,6.351434326171898,5.686737060546875,5.686737060546875
res2_m4_w256_mp1_h6_bs4 (step 76000),2026-02-07 06:00:00,-1.3418640136718523,4.192926025390648,5.5347900390625,5.5347900390625
res2_m4_w256_mp1_h6_bs4 (step 76000),2026-02-07 12:00:00,-3.2405151367187273,5.081597900390648,8.322113037109375,8.322113037109375
res2_m4_w256_mp1_h6_bs4 (step 76000),2026-02-07 18:00:00,-9.481695556640602,6.349084472656273,15.830780029296875,15.830780029296875
res2_m4_w256_mp1_h6_bs4 (step 76000),2026-02-08 00:00:00,-11.356695556640602,6.327478027343773,17.684173583984375,17.684173583984375
res2_m4_w256_mp1_h6_bs4 (step 76000),2026-02-08 06:00:00,-12.810827636718727,5.597711181640648,18.408538818359375,18.408538818359375
res2_m4_w256_mp1_h6_bs4 (step 76000),2026-02-08 12:00:00,-13.716284179687477,5.783502197265648,19.499786376953125,19.499786376953125
res2_m4_w256_mp1_h6_bs4 (step 76000),2026-02-08 18:00:00,-9.122686767578102,7.838708496093773,16.961395263671875,16.961395263671875
res2_m4_w256_mp1_h6_bs4 (step 76000),2026-02-09 00:00:00,-7.446142578124977,8.148400878906273,15.59454345703125,15.59454345703125
res2_m4_w256_mp1_h6_bs4 (step 76000),2026-02-09 06:00:00,-9.878698730468727,9.032861328125023,18.91156005859375,18.91156005859375
res2_m4_w256_mp1_h6_bs4 (step 76000),2026-02-09 12:00:00,-10.475592041015602,6.586602783203148,17.06219482421875,17.06219482421875
res2_m4_w256_mp1_h6_bs4 (step 76000),2026-02-09 18:00:00,-3.7253479003906023,9.681817626953148,13.40716552734375,13.40716552734375
res2_m4_w256_mp1_h6_bs4 (step 76000),2026-02-10 00:00:00,-0.7656005859374773,4.176477050781273,4.94207763671875,4.94207763671875
res2_m4_w256_mp1_h6_bs4 (step 76000),2026-02-10 06:00:00,-2.4319519042968523,8.688928222656273,11.120880126953125,11.120880126953125
res2_m4_w256_mp1_h6_bs4 (step 76000),2026-02-10 12:00:00,-3.0523437499999773,4.811212158203148,7.863555908203125,7.863555908203125
res2_m4_w256_mp1_h6_bs4 (step 76000),2026-02-10 18:00:00,1.4015747070312727,-4.716192626953102,-6.117767333984375,6.117767333984375
res2_m4_w256_mp1_h6_bs4 (step 76000),2026-02-11 00:00:00,2.8020874023437727,3.6780639648437727,0.8759765625,0.8759765625
res2_m4_w256_mp1_h6_bs4 (step 76000),2026-02-11 06:00:00,1.3017517089843977,3.1128479003906477,1.81109619140625,1.81109619140625
res2_m4_w256_mp1_h6_bs4 (step 76000),2026-02-11 12:00:00,1.9490295410156477,5.946740722656273,3.997711181640625,3.997711181640625
res2_m4_w256_mp1_h6_bs4 (step 76000),2026-02-11 18:00:00,5.391748046875023,5.549981689453148,0.158233642578125,0.158233642578125
res2_m4_w256_mp1_h6_bs4 (step 76000),2026-02-12 00:00:00,2.9899536132812727,7.376580810546898,4.386627197265625,4.386627197265625
res2_m4_w256_mp1_h6_bs4 (step 76000),2026-02-12 06:00:00,0.7694030761718977,7.685021972656273,6.915618896484375,6.915618896484375
res2_m4_w256_mp1_h6_bs4 (step 76000),2026-02-12 12:00:00,0.06881103515627274,6.820184326171898,6.751373291015625,6.751373291015625
res2_m4_w256_mp1_h6_bs4 (step 76000),2026-02-12 18:00:00,1.4705444335937727,11.453179931640648,9.982635498046875,9.982635498046875
res2_m4_w256_mp1_h6_bs4 (step 76000),2026-02-13 00:00:00,0.7520690917968977,8.079736328125023,7.327667236328125,7.327667236328125
res2_m4_w256_mp1_h6_bs4 (step 76000),2026-02-13 06:00:00,-1.7212280273437273,5.696649169921898,7.417877197265625,7.417877197265625
res2_m4_w256_mp1_h6_bs4 (step 76000),2026-02-13 12:00:00,-3.5005859374999773,6.060601806640648,9.561187744140625,9.561187744140625
res2_m4_w256_mp1_h6_bs4 (step 76000),2026-02-13 18:00:00,0.8124633789062727,10.027001953125023,9.21453857421875,9.21453857421875
res2_m4_w256_mp1_h6_bs4 (step 76000),2026-02-14 00:00:00,1.8525939941406477,10.896386718750023,9.043792724609375,9.043792724609375
res2_m4_w256_mp1_h6_bs4 (step 76000),2026-02-14 06:00:00,-0.28311767578122726,9.708642578125023,9.99176025390625,9.99176025390625
res2_m4_w256_mp1_h6_bs4 (step 76000),2026-02-14 12:00:00,-0.16721191406247726,11.345758056640648,11.512969970703125,11.512969970703125
res2_m4_w256_mp1_h6_bs4 (step 76000),2026-02-14 18:00:00,5.243157958984398,11.313409423828148,6.07025146484375,6.07025146484375
res2_m4_w256_mp1_h6_bs4 (step 76000),2026-02-15 00:00:00,4.379479980468773,13.356195068359398,8.976715087890625,8.976715087890625
res2_m4_w256_mp1_h6_bs4 (step 76000),2026-02-15 06:00:00,2.0650878906250227,10.294641113281273,8.22955322265625,8.22955322265625
res2_m4_w256_mp1_h6_bs4 (step 76000),2026-02-15 12:00:00,0.6053100585937727,6.898522949218773,6.293212890625,6.293212890625
res2_m4_w256_mp1_h6_bs4 (step 76000),2026-02-15 18:00:00,3.0157714843750227,9.017938232421898,6.002166748046875,6.002166748046875
res2_m4_w256_mp1_h6_bs4 (step 76000),2026-02-16 00:00:00,3.1725097656250227,7.472985839843773,4.30047607421875,4.30047607421875
res2_m4_w256_mp2_h6_bs4 (step 76000),2026-01-24 12:00:00,-10.399420166015602,-2.0041259765624773,8.395294189453125,8.395294189453125
res2_m4_w256_mp2_h6_bs4 (step 76000),2026-01-24 18:00:00,-7.961706542968727,-1.9345764160156023,6.027130126953125,6.027130126953125
res2_m4_w256_mp2_h6_bs4 (step 76000),2026-01-25 00:00:00,-6.614233398437477,-2.0306457519531023,4.583587646484375,4.583587646484375
res2_m4_w256_mp2_h6_bs4 (step 76000),2026-01-25 06:00:00,-6.842749023437477,-4.932470703124977,1.9102783203125,1.9102783203125
res2_m4_w256_mp2_h6_bs4 (step 76000),2026-01-25 12:00:00,-5.949133300781227,-4.981756591796852,0.967376708984375,0.967376708984375
res2_m4_w256_mp2_h6_bs4 (step 76000),2026-01-25 18:00:00,-0.9989379882812273,-4.011633300781227,-3.0126953125,3.0126953125
res2_m4_w256_mp2_h6_bs4 (step 76000),2026-01-26 00:00:00,1.6336914062500227,-10.708380126953102,-12.342071533203125,12.342071533203125
res2_m4_w256_mp2_h6_bs4 (step 76000),2026-01-26 06:00:00,-0.9836181640624773,-11.859625244140602,-10.876007080078125,10.876007080078125
res2_m4_w256_mp2_h6_bs4 (step 76000),2026-01-26 12:00:00,-2.0976318359374773,-11.028814697265602,-8.931182861328125,8.931182861328125
res2_m4_w256_mp2_h6_bs4 (step 76000),2026-01-26 18:00:00,-2.3342041015624773,-5.621832275390602,-3.287628173828125,3.287628173828125
res2_m4_w256_mp2_h6_bs4 (step 76000),2026-01-27 00:00:00,-3.9899658203124773,-4.538214111328102,-0.548248291015625,0.548248291015625
res2_m4_w256_mp2_h6_bs4 (step 76000),2026-01-27 06:00:00,-6.858923339843727,-7.548406982421852,-0.689483642578125,0.689483642578125
res2_m4_w256_mp2_h6_bs4 (step 76000),2026-01-27 12:00:00,-8.906469726562477,-4.323004150390602,4.583465576171875,4.583465576171875
res2_m4_w256_mp2_h6_bs4 (step 76000),2026-01-27 18:00:00,-5.640905761718727,-3.9629577636718523,1.677947998046875,1.677947998046875
res2_m4_w256_mp2_h6_bs4 (step 76000),2026-01-28 00:00:00,-4.439031982421852,-3.4288085937499773,1.010223388671875,1.010223388671875
res2_m4_w256_mp2_h6_bs4 (step 76000),2026-01-28 06:00:00,-6.505041503906227,-5.576727294921852,0.928314208984375,0.928314208984375
res2_m4_w256_mp2_h6_bs4 (step 76000),2026-01-28 12:00:00,-8.746649169921852,-7.475439453124977,1.271209716796875,1.271209716796875
res2_m4_w256_mp2_h6_bs4 (step 76000),2026-01-28 18:00:00,-5.168676757812477,-1.1270507812499773,4.0416259765625,4.0416259765625
res2_m4_w256_mp2_h6_bs4 (step 76000),2026-01-29 00:00:00,-6.373815917968727,-0.24237670898435226,6.131439208984375,6.131439208984375
res2_m4_w256_mp2_h6_bs4 (step 76000),2026-01-29 06:00:00,-8.877020263671852,-3.3875183105468523,5.489501953125,5.489501953125
res2_m4_w256_mp2_h6_bs4 (step 76000),2026-01-29 12:00:00,-10.972570800781227,-6.959478759765602,4.013092041015625,4.013092041015625
res2_m4_w256_mp2_h6_bs4 (step 76000),2026-01-29 18:00:00,-6.115759277343727,-1.4184326171874773,4.69732666015625,4.69732666015625
res2_m4_w256_mp2_h6_bs4 (step 76000),2026-01-30 00:00:00,-6.351904296874977,-1.9736389160156023,4.378265380859375,4.378265380859375
res2_m4_w256_mp2_h6_bs4 (step 76000),2026-01-30 06:00:00,-8.039404296874977,3.0240417480468977,11.063446044921875,11.063446044921875
res2_m4_w256_mp2_h6_bs4 (step 76000),2026-01-30 12:00:00,-11.473669433593727,3.1935363769531477,14.667205810546875,14.667205810546875
res2_m4_w256_mp2_h6_bs4 (step 76000),2026-01-30 18:00:00,-8.677587890624977,3.8108154296875227,12.4884033203125,12.4884033203125
res2_m4_w256_mp2_h6_bs4 (step 76000),2026-01-31 00:00:00,-7.929998779296852,-3.6185058593749773,4.311492919921875,4.311492919921875
res2_m4_w256_mp2_h6_bs4 (step 76000),2026-01-31 06:00:00,-10.553808593749977,-3.3942016601562273,7.15960693359375,7.15960693359375
res2_m4_w256_mp2_h6_bs4 (step 76000),2026-01-31 12:00:00,-12.356268310546852,-6.838995361328102,5.51727294921875,5.51727294921875
res2_m4_w256_mp2_h6_bs4 (step 76000),2026-01-31 18:00:00,-6.756719970703102,-3.4207824707031023,3.3359375,3.3359375
res2_m4_w256_mp2_h6_bs4 (step 76000),2026-02-01 00:00:00,-5.106573486328102,-6.715734863281227,-1.609161376953125,1.609161376953125
res2_m4_w256_mp2_h6_bs4 (step 76000),2026-02-01 06:00:00,-6.130590820312477,-8.922308349609352,-2.791717529296875,2.791717529296875
res2_m4_w256_mp2_h6_bs4 (step 76000),2026-02-01 12:00:00,-8.921636962890602,-5.195837402343727,3.725799560546875,3.725799560546875
res2_m4_w256_mp2_h6_bs4 (step 76000),2026-02-01 18:00:00,-6.506689453124977,-5.757696533203102,0.748992919921875,0.748992919921875
res2_m4_w256_mp2_h6_bs4 (step 76000),2026-02-02 00:00:00,-4.664770507812477,-1.7573608398437273,2.90740966796875,2.90740966796875
res2_m4_w256_mp2_h6_bs4 (step 76000),2026-02-02 06:00:00,-7.738592529296852,-3.1485351562499773,4.590057373046875,4.590057373046875
res2_m4_w256_mp2_h6_bs4 (step 76000),2026-02-02 12:00:00,-7.579260253906227,-3.7504638671874773,3.82879638671875,3.82879638671875
res2_m4_w256_mp2_h6_bs4 (step 76000),2026-02-02 18:00:00,-0.6008056640624773,-4.249517822265602,-3.648712158203125,3.648712158203125
res2_m4_w256_mp2_h6_bs4 (step 76000),2026-02-03 00:00:00,0.05758056640627274,-4.754980468749977,-4.81256103515625,4.81256103515625
res2_m4_w256_mp2_h6_bs4 (step 76000),2026-02-03 06:00:00,-3.0601257324218523,-8.291906738281227,-5.231781005859375,5.231781005859375
res2_m4_w256_mp2_h6_bs4 (step 76000),2026-02-03 12:00:00,-5.066198730468727,-7.244726562499977,-2.17852783203125,2.17852783203125
res2_m4_w256_mp2_h6_bs4 (step 76000),2026-02-03 18:00:00,0.9055419921875227,-3.8513549804687273,-4.75689697265625,4.75689697265625
res2_m4_w256_mp2_h6_bs4 (step 76000),2026-02-04 00:00:00,1.2285400390625227,-5.862280273437477,-7.0908203125,7.0908203125
res2_m4_w256_mp2_h6_bs4 (step 76000),2026-02-04 06:00:00,0.7866455078125227,-6.064184570312477,-6.850830078125,6.850830078125
res2_m4_w256_mp2_h6_bs4 (step 76000),2026-02-04 12:00:00,0.27987060546877274,-6.550054931640602,-6.829925537109375,6.829925537109375
res2_m4_w256_mp2_h6_bs4 (step 76000),2026-02-04 18:00:00,-0.09238281249997726,-0.14520874023435226,-0.052825927734375,0.052825927734375
res2_m4_w256_mp2_h6_bs4 (step 76000),2026-02-05 00:00:00,0.9365478515625227,-0.35443725585935226,-1.290985107421875,1.290985107421875
res2_m4_w256_mp2_h6_bs4 (step 76000),2026-02-05 06:00:00,-2.0011962890624773,-0.6084350585937273,1.39276123046875,1.39276123046875
res2_m4_w256_mp2_h6_bs4 (step 76000),2026-02-05 12:00:00,-5.306341552734352,2.7074829101562727,8.013824462890625,8.013824462890625
res2_m4_w256_mp2_h6_bs4 (step 76000),2026-02-05 18:00:00,-1.8114379882812273,2.1198059082031477,3.931243896484375,3.931243896484375
res2_m4_w256_mp2_h6_bs4 (step 76000),2026-02-06 00:00:00,-1.0391601562499773,1.6882263183593977,2.727386474609375,2.727386474609375
res2_m4_w256_mp2_h6_bs4 (step 76000),2026-02-06 06:00:00,-2.0542968749999773,2.2251831054687727,4.27947998046875,4.27947998046875
res2_m4_w256_mp2_h6_bs4 (step 76000),2026-02-06 12:00:00,-3.6400512695312273,2.6997924804687727,6.33984375,6.33984375
res2_m4_w256_mp2_h6_bs4 (step 76000),2026-02-06 18:00:00,-0.10147705078122726,1.9038635253906477,2.005340576171875,2.005340576171875
res2_m4_w256_mp2_h6_bs4 (step 76000),2026-02-07 00:00:00,0.6646972656250227,0.48848876953127274,-0.17620849609375,0.17620849609375
res2_m4_w256_mp2_h6_bs4 (step 76000),2026-02-07 06:00:00,-1.3418640136718523,0.45974121093752274,1.801605224609375,1.801605224609375
res2_m4_w256_mp2_h6_bs4 (step 76000),2026-02-07 12:00:00,-3.2405151367187273,3.5891967773437727,6.8297119140625,6.8297119140625
res2_m4_w256_mp2_h6_bs4 (step 76000),2026-02-07 18:00:00,-9.481695556640602,2.6842590332031477,12.16595458984375,12.16595458984375
res2_m4_w256_mp2_h6_bs4 (step 76000),2026-02-08 00:00:00,-11.356695556640602,0.8183532714843977,12.175048828125,12.175048828125
res2_m4_w256_mp2_h6_bs4 (step 76000),2026-02-08 06:00:00,-12.810827636718727,-2.1631530761718523,10.647674560546875,10.647674560546875
res2_m4_w256_mp2_h6_bs4 (step 76000),2026-02-08 12:00:00,-13.716284179687477,-0.14600219726560226,13.570281982421875,13.570281982421875
res2_m4_w256_mp2_h6_bs4 (step 76000),2026-02-08 18:00:00,-9.122686767578102,0.9514709472656477,10.07415771484375,10.07415771484375
res2_m4_w256_mp2_h6_bs4 (step 76000),2026-02-09 00:00:00,-7.446142578124977,1.6993041992187727,9.14544677734375,9.14544677734375
res2_m4_w256_mp2_h6_bs4 (step 76000),2026-02-09 06:00:00,-9.878698730468727,2.1939636230468977,12.072662353515625,12.072662353515625
res2_m4_w256_mp2_h6_bs4 (step 76000),2026-02-09 12:00:00,-10.475592041015602,5.739129638671898,16.2147216796875,16.2147216796875
res2_m4_w256_mp2_h6_bs4 (step 76000),2026-02-09 18:00:00,-3.7253479003906023,2.4151550292968977,6.1405029296875,6.1405029296875
res2_m4_w256_mp2_h6_bs4 (step 76000),2026-02-10 00:00:00,-0.7656005859374773,-2.1890930175781023,-1.423492431640625,1.423492431640625
res2_m4_w256_mp2_h6_bs4 (step 76000),2026-02-10 06:00:00,-2.4319519042968523,-7.654547119140602,-5.22259521484375,5.22259521484375
res2_m4_w256_mp2_h6_bs4 (step 76000),2026-02-10 12:00:00,-3.0523437499999773,-15.504400634765602,-12.452056884765625,12.452056884765625
res2_m4_w256_mp2_h6_bs4 (step 76000),2026-02-10 18:00:00,1.4015747070312727,-9.681402587890602,-11.082977294921875,11.082977294921875
res2_m4_w256_mp2_h6_bs4 (step 76000),2026-02-11 00:00:00,2.8020874023437727,-6.710913085937477,-9.51300048828125,9.51300048828125
res2_m4_w256_mp2_h6_bs4 (step 76000),2026-02-11 06:00:00,1.3017517089843977,-5.164343261718727,-6.466094970703125,6.466094970703125
res2_m4_w256_mp2_h6_bs4 (step 76000),2026-02-11 12:00:00,1.9490295410156477,-5.771307373046852,-7.7203369140625,7.7203369140625
res2_m4_w256_mp2_h6_bs4 (step 76000),2026-02-11 18:00:00,5.391748046875023,-3.0609191894531023,-8.452667236328125,8.452667236328125
res2_m4_w256_mp2_h6_bs4 (step 76000),2026-02-12 00:00:00,2.9899536132812727,-2.2185424804687273,-5.20849609375,5.20849609375
res2_m4_w256_mp2_h6_bs4 (step 76000),2026-02-12 06:00:00,0.7694030761718977,-2.1518005371093523,-2.92120361328125,2.92120361328125
res2_m4_w256_mp2_h6_bs4 (step 76000),2026-02-12 12:00:00,0.06881103515627274,-2.6663574218749773,-2.73516845703125,2.73516845703125
res2_m4_w256_mp2_h6_bs4 (step 76000),2026-02-12 18:00:00,1.4705444335937727,-3.3118347167968523,-4.782379150390625,4.782379150390625
res2_m4_w256_mp2_h6_bs4 (step 76000),2026-02-13 00:00:00,0.7520690917968977,0.7876525878906477,0.03558349609375,0.03558349609375
res2_m4_w256_mp2_h6_bs4 (step 76000),2026-02-13 06:00:00,-1.7212280273437273,-0.8946289062499773,0.82659912109375,0.82659912109375
res2_m4_w256_mp2_h6_bs4 (step 76000),2026-02-13 12:00:00,-3.5005859374999773,-1.5816101074218523,1.918975830078125,1.918975830078125
res2_m4_w256_mp2_h6_bs4 (step 76000),2026-02-13 18:00:00,0.8124633789062727,1.7949768066406477,0.982513427734375,0.982513427734375
res2_m4_w256_mp2_h6_bs4 (step 76000),2026-02-14 00:00:00,1.8525939941406477,0.5298706054687727,-1.322723388671875,1.322723388671875
res2_m4_w256_mp2_h6_bs4 (step 76000),2026-02-14 06:00:00,-0.28311767578122726,-0.29813232421872726,-0.0150146484375,0.0150146484375
res2_m4_w256_mp2_h6_bs4 (step 76000),2026-02-14 12:00:00,-0.16721191406247726,-2.3003601074218523,-2.133148193359375,2.133148193359375
res2_m4_w256_mp2_h6_bs4 (step 76000),2026-02-14 18:00:00,5.243157958984398,1.3229919433593977,-3.920166015625,3.920166015625
res2_m4_w256_mp2_h6_bs4 (step 76000),2026-02-15 00:00:00,4.379479980468773,0.07845458984377274,-4.301025390625,4.301025390625
res2_m4_w256_mp2_h6_bs4 (step 76000),2026-02-15 06:00:00,2.0650878906250227,-0.15302124023435226,-2.218109130859375,2.218109130859375
res2_m4_w256_mp2_h6_bs4 (step 76000),2026-02-15 12:00:00,0.6053100585937727,-0.020178222656227263,-0.62548828125,0.62548828125
res2_m4_w256_mp2_h6_bs4 (step 76000),2026-02-15 18:00:00,3.0157714843750227,0.36943969726564774,-2.646331787109375,2.646331787109375
res2_m4_w256_mp2_h6_bs4 (step 76000),2026-02-16 00:00:00,3.1725097656250227,5.027459716796898,1.854949951171875,1.854949951171875
res2_m4_w512_mp1_h6_bs4 (step 74000),2026-01-24 12:00:00,-10.399420166015602,-1.9897521972656023,8.40966796875,8.40966796875
res2_m4_w512_mp1_h6_bs4 (step 74000),2026-01-24 18:00:00,-7.961706542968727,-1.0553955078124773,6.90631103515625,6.90631103515625
res2_m4_w512_mp1_h6_bs4 (step 74000),2026-01-25 00:00:00,-6.614233398437477,-0.13327636718747726,6.48095703125,6.48095703125
res2_m4_w512_mp1_h6_bs4 (step 74000),2026-01-25 06:00:00,-6.842749023437477,-3.3088745117187273,3.53387451171875,3.53387451171875
res2_m4_w512_mp1_h6_bs4 (step 74000),2026-01-25 12:00:00,-5.949133300781227,0.8108154296875227,6.75994873046875,6.75994873046875
res2_m4_w512_mp1_h6_bs4 (step 74000),2026-01-25 18:00:00,-0.9989379882812273,-6.070959472656227,-5.072021484375,5.072021484375
res2_m4_w512_mp1_h6_bs4 (step 74000),2026-01-26 00:00:00,1.6336914062500227,-9.346624755859352,-10.980316162109375,10.980316162109375
res2_m4_w512_mp1_h6_bs4 (step 74000),2026-01-26 06:00:00,-0.9836181640624773,-7.985266113281227,-7.00164794921875,7.00164794921875
res2_m4_w512_mp1_h6_bs4 (step 74000),2026-01-26 12:00:00,-2.0976318359374773,-11.349707031249977,-9.2520751953125,9.2520751953125
res2_m4_w512_mp1_h6_bs4 (step 74000),2026-01-26 18:00:00,-2.3342041015624773,-8.836309814453102,-6.502105712890625,6.502105712890625
res2_m4_w512_mp1_h6_bs4 (step 74000),2026-01-27 00:00:00,-3.9899658203124773,-4.781500244140602,-0.791534423828125,0.791534423828125
res2_m4_w512_mp1_h6_bs4 (step 74000),2026-01-27 06:00:00,-6.858923339843727,-5.793859863281227,1.0650634765625,1.0650634765625
res2_m4_w512_mp1_h6_bs4 (step 74000),2026-01-27 12:00:00,-8.906469726562477,-4.338232421874977,4.5682373046875,4.5682373046875
res2_m4_w512_mp1_h6_bs4 (step 74000),2026-01-27 18:00:00,-5.640905761718727,-4.157293701171852,1.483612060546875,1.483612060546875
res2_m4_w512_mp1_h6_bs4 (step 74000),2026-01-28 00:00:00,-4.439031982421852,-1.1388916015624773,3.300140380859375,3.300140380859375
res2_m4_w512_mp1_h6_bs4 (step 74000),2026-01-28 06:00:00,-6.505041503906227,-2.9106201171874773,3.59442138671875,3.59442138671875
res2_m4_w512_mp1_h6_bs4 (step 74000),2026-01-28 12:00:00,-8.746649169921852,-10.750830078124977,-2.004180908203125,2.004180908203125
res2_m4_w512_mp1_h6_bs4 (step 74000),2026-01-28 18:00:00,-5.168676757812477,-6.772192382812477,-1.603515625,1.603515625
res2_m4_w512_mp1_h6_bs4 (step 74000),2026-01-29 00:00:00,-6.373815917968727,1.3656250000000227,7.73944091796875,7.73944091796875
res2_m4_w512_mp1_h6_bs4 (step 74000),2026-01-29 06:00:00,-8.877020263671852,-0.34305419921872726,8.533966064453125,8.533966064453125
res2_m4_w512_mp1_h6_bs4 (step 74000),2026-01-29 12:00:00,-10.972570800781227,-0.9371093749999773,10.03546142578125,10.03546142578125
res2_m4_w512_mp1_h6_bs4 (step 74000),2026-01-29 18:00:00,-6.115759277343727,5.350335693359398,11.466094970703125,11.466094970703125
res2_m4_w512_mp1_h6_bs4 (step 74000),2026-01-30 00:00:00,-6.351904296874977,-1.0672058105468523,5.284698486328125,5.284698486328125
res2_m4_w512_mp1_h6_bs4 (step 74000),2026-01-30 06:00:00,-8.039404296874977,-1.6399291992187273,6.39947509765625,6.39947509765625
res2_m4_w512_mp1_h6_bs4 (step 74000),2026-01-30 12:00:00,-11.473669433593727,-9.164617919921852,2.309051513671875,2.309051513671875
res2_m4_w512_mp1_h6_bs4 (step 74000),2026-01-30 18:00:00,-8.677587890624977,-5.176824951171852,3.500762939453125,3.500762939453125
res2_m4_w512_mp1_h6_bs4 (step 74000),2026-01-31 00:00:00,-7.929998779296852,-4.526251220703102,3.40374755859375,3.40374755859375
res2_m4_w512_mp1_h6_bs4 (step 74000),2026-01-31 06:00:00,-10.553808593749977,-6.350988769531227,4.20281982421875,4.20281982421875
res2_m4_w512_mp1_h6_bs4 (step 74000),2026-01-31 12:00:00,-12.356268310546852,-11.285681152343727,1.070587158203125,1.070587158203125
res2_m4_w512_mp1_h6_bs4 (step 74000),2026-01-31 18:00:00,-6.756719970703102,-6.528112792968727,0.228607177734375,0.228607177734375
res2_m4_w512_mp1_h6_bs4 (step 74000),2026-02-01 00:00:00,-5.106573486328102,-6.724584960937477,-1.618011474609375,1.618011474609375
res2_m4_w512_mp1_h6_bs4 (step 74000),2026-02-01 06:00:00,-6.130590820312477,-6.308813476562477,-0.17822265625,0.17822265625
res2_m4_w512_mp1_h6_bs4 (step 74000),2026-02-01 12:00:00,-8.921636962890602,-9.530493164062477,-0.608856201171875,0.608856201171875
res2_m4_w512_mp1_h6_bs4 (step 74000),2026-02-01 18:00:00,-6.506689453124977,-7.483496093749977,-0.976806640625,0.976806640625
res2_m4_w512_mp1_h6_bs4 (step 74000),2026-02-02 00:00:00,-4.664770507812477,-7.953924560546852,-3.289154052734375,3.289154052734375
res2_m4_w512_mp1_h6_bs4 (step 74000),2026-02-02 06:00:00,-7.738592529296852,-6.485632324218727,1.252960205078125,1.252960205078125
res2_m4_w512_mp1_h6_bs4 (step 74000),2026-02-02 12:00:00,-7.579260253906227,-1.2914794921874773,6.28778076171875,6.28778076171875
res2_m4_w512_mp1_h6_bs4 (step 74000),2026-02-02 18:00:00,-0.6008056640624773,0.5189147949218977,1.119720458984375,1.119720458984375
res2_m4_w512_mp1_h6_bs4 (step 74000),2026-02-03 00:00:00,0.05758056640627274,1.7159362792968977,1.658355712890625,1.658355712890625
res2_m4_w512_mp1_h6_bs4 (step 74000),2026-02-03 06:00:00,-3.0601257324218523,0.8723693847656477,3.9324951171875,3.9324951171875
res2_m4_w512_mp1_h6_bs4 (step 74000),2026-02-03 12:00:00,-5.066198730468727,0.9748779296875227,6.04107666015625,6.04107666015625
res2_m4_w512_mp1_h6_bs4 (step 74000),2026-02-03 18:00:00,0.9055419921875227,1.5399719238281477,0.634429931640625,0.634429931640625
res2_m4_w512_mp1_h6_bs4 (step 74000),2026-02-04 00:00:00,1.2285400390625227,0.24431762695314774,-0.984222412109375,0.984222412109375
res2_m4_w512_mp1_h6_bs4 (step 74000),2026-02-04 06:00:00,0.7866455078125227,-1.9003051757812273,-2.68695068359375,2.68695068359375
res2_m4_w512_mp1_h6_bs4 (step 74000),2026-02-04 12:00:00,0.27987060546877274,-1.7625488281249773,-2.04241943359375,2.04241943359375
res2_m4_w512_mp1_h6_bs4 (step 74000),2026-02-04 18:00:00,-0.09238281249997726,0.7303710937500227,0.82275390625,0.82275390625
res2_m4_w512_mp1_h6_bs4 (step 74000),2026-02-05 00:00:00,0.9365478515625227,0.6828247070312727,-0.25372314453125,0.25372314453125
res2_m4_w512_mp1_h6_bs4 (step 74000),2026-02-05 06:00:00,-2.0011962890624773,1.5266967773437727,3.52789306640625,3.52789306640625
res2_m4_w512_mp1_h6_bs4 (step 74000),2026-02-05 12:00:00,-5.306341552734352,1.6112304687500227,6.917572021484375,6.917572021484375
res2_m4_w512_mp1_h6_bs4 (step 74000),2026-02-05 18:00:00,-1.8114379882812273,2.9874206542968977,4.798858642578125,4.798858642578125
res2_m4_w512_mp1_h6_bs4 (step 74000),2026-02-06 00:00:00,-1.0391601562499773,2.2730041503906477,3.312164306640625,3.312164306640625
res2_m4_w512_mp1_h6_bs4 (step 74000),2026-02-06 06:00:00,-2.0542968749999773,-1.6805175781249773,0.373779296875,0.373779296875
res2_m4_w512_mp1_h6_bs4 (step 74000),2026-02-06 12:00:00,-3.6400512695312273,-1.8143676757812273,1.82568359375,1.82568359375
res2_m4_w512_mp1_h6_bs4 (step 74000),2026-02-06 18:00:00,-0.10147705078122726,0.45766601562502274,0.55914306640625,0.55914306640625
res2_m4_w512_mp1_h6_bs4 (step 74000),2026-02-07 00:00:00,0.6646972656250227,0.6834655761718977,0.018768310546875,0.018768310546875
res2_m4_w512_mp1_h6_bs4 (step 74000),2026-02-07 06:00:00,-1.3418640136718523,0.36855468750002274,1.710418701171875,1.710418701171875
res2_m4_w512_mp1_h6_bs4 (step 74000),2026-02-07 12:00:00,-3.2405151367187273,-1.7575439453124773,1.48297119140625,1.48297119140625
res2_m4_w512_mp1_h6_bs4 (step 74000),2026-02-07 18:00:00,-9.481695556640602,-0.12610473632810226,9.3555908203125,9.3555908203125
res2_m4_w512_mp1_h6_bs4 (step 74000),2026-02-08 00:00:00,-11.356695556640602,0.7895141601562727,12.146209716796875,12.146209716796875
res2_m4_w512_mp1_h6_bs4 (step 74000),2026-02-08 06:00:00,-12.810827636718727,-5.799230957031227,7.0115966796875,7.0115966796875
res2_m4_w512_mp1_h6_bs4 (step 74000),2026-02-08 12:00:00,-13.716284179687477,-5.338446044921852,8.377838134765625,8.377838134765625
res2_m4_w512_mp1_h6_bs4 (step 74000),2026-02-08 18:00:00,-9.122686767578102,-5.666906738281227,3.455780029296875,3.455780029296875
res2_m4_w512_mp1_h6_bs4 (step 74000),2026-02-09 00:00:00,-7.446142578124977,-4.452215576171852,2.993927001953125,2.993927001953125
res2_m4_w512_mp1_h6_bs4 (step 74000),2026-02-09 06:00:00,-9.878698730468727,2.1032043457031477,11.981903076171875,11.981903076171875
res2_m4_w512_mp1_h6_bs4 (step 74000),2026-02-09 12:00:00,-10.475592041015602,5.966790771484398,16.4423828125,16.4423828125
res2_m4_w512_mp1_h6_bs4 (step 74000),2026-02-09 18:00:00,-3.7253479003906023,6.443109130859398,10.16845703125,10.16845703125
res2_m4_w512_mp1_h6_bs4 (step 74000),2026-02-10 00:00:00,-0.7656005859374773,0.16610107421877274,0.93170166015625,0.93170166015625
res2_m4_w512_mp1_h6_bs4 (step 74000),2026-02-10 06:00:00,-2.4319519042968523,-3.4020751953124773,-0.970123291015625,0.970123291015625
res2_m4_w512_mp1_h6_bs4 (step 74000),2026-02-10 12:00:00,-3.0523437499999773,-2.0489562988281023,1.003387451171875,1.003387451171875
res2_m4_w512_mp1_h6_bs4 (step 74000),2026-02-10 18:00:00,1.4015747070312727,-3.4141601562499773,-4.81573486328125,4.81573486328125
res2_m4_w512_mp1_h6_bs4 (step 74000),2026-02-11 00:00:00,2.8020874023437727,-1.9340270996093523,-4.736114501953125,4.736114501953125
res2_m4_w512_mp1_h6_bs4 (step 74000),2026-02-11 06:00:00,1.3017517089843977,-2.1929077148437273,-3.494659423828125,3.494659423828125
res2_m4_w512_mp1_h6_bs4 (step 74000),2026-02-11 12:00:00,1.9490295410156477,-1.7122558593749773,-3.661285400390625,3.661285400390625
res2_m4_w512_mp1_h6_bs4 (step 74000),2026-02-11 18:00:00,5.391748046875023,3.3493896484375227,-2.0423583984375,2.0423583984375
res2_m4_w512_mp1_h6_bs4 (step 74000),2026-02-12 00:00:00,2.9899536132812727,5.696527099609398,2.706573486328125,2.706573486328125
res2_m4_w512_mp1_h6_bs4 (step 74000),2026-02-12 06:00:00,0.7694030761718977,8.178033447265648,7.40863037109375,7.40863037109375
res2_m4_w512_mp1_h6_bs4 (step 74000),2026-02-12 12:00:00,0.06881103515627274,0.34114990234377274,0.2723388671875,0.2723388671875
res2_m4_w512_mp1_h6_bs4 (step 74000),2026-02-12 18:00:00,1.4705444335937727,2.5330749511718977,1.062530517578125,1.062530517578125
res2_m4_w512_mp1_h6_bs4 (step 74000),2026-02-13 00:00:00,0.7520690917968977,2.9310852050781477,2.17901611328125,2.17901611328125
res2_m4_w512_mp1_h6_bs4 (step 74000),2026-02-13 06:00:00,-1.7212280273437273,0.7397399902343977,2.460968017578125,2.460968017578125
res2_m4_w512_mp1_h6_bs4 (step 74000),2026-02-13 12:00:00,-3.5005859374999773,2.3867126464843977,5.887298583984375,5.887298583984375
res2_m4_w512_mp1_h6_bs4 (step 74000),2026-02-13 18:00:00,0.8124633789062727,7.488153076171898,6.675689697265625,6.675689697265625
res2_m4_w512_mp1_h6_bs4 (step 74000),2026-02-14 00:00:00,1.8525939941406477,8.840234375000023,6.987640380859375,6.987640380859375
res2_m4_w512_mp1_h6_bs4 (step 74000),2026-02-14 06:00:00,-0.28311767578122726,8.181268310546898,8.464385986328125,8.464385986328125
res2_m4_w512_mp1_h6_bs4 (step 74000),2026-02-14 12:00:00,-0.16721191406247726,6.752618408203148,6.919830322265625,6.919830322265625
res2_m4_w512_mp1_h6_bs4 (step 74000),2026-02-14 18:00:00,5.243157958984398,11.034387207031273,5.791229248046875,5.791229248046875
res2_m4_w512_mp1_h6_bs4 (step 74000),2026-02-15 00:00:00,4.379479980468773,10.618310546875023,6.23883056640625,6.23883056640625
res2_m4_w512_mp1_h6_bs4 (step 74000),2026-02-15 06:00:00,2.0650878906250227,2.3142333984375227,0.2491455078125,0.2491455078125
res2_m4_w512_mp1_h6_bs4 (step 74000),2026-02-15 12:00:00,0.6053100585937727,2.7864624023437727,2.18115234375,2.18115234375
res2_m4_w512_mp1_h6_bs4 (step 74000),2026-02-15 18:00:00,3.0157714843750227,5.957635498046898,2.941864013671875,2.941864013671875
res2_m4_w512_mp1_h6_bs4 (step 74000),2026-02-16 00:00:00,3.1725097656250227,5.999871826171898,2.827362060546875,2.827362060546875
res2_m4_w512_mp2_h6_bs4 (step 72000),2026-01-24 12:00:00,-10.399420166015602,-5.388098144531227,5.011322021484375,5.011322021484375
res2_m4_w512_mp2_h6_bs4 (step 72000),2026-01-24 18:00:00,-7.961706542968727,-0.8749755859374773,7.08673095703125,7.08673095703125
res2_m4_w512_mp2_h6_bs4 (step 72000),2026-01-25 00:00:00,-6.614233398437477,-1.2387145996093523,5.375518798828125,5.375518798828125
res2_m4_w512_mp2_h6_bs4 (step 72000),2026-01-25 06:00:00,-6.842749023437477,-3.1055358886718523,3.737213134765625,3.737213134765625
res2_m4_w512_mp2_h6_bs4 (step 72000),2026-01-25 12:00:00,-5.949133300781227,-3.4041198730468523,2.545013427734375,2.545013427734375
res2_m4_w512_mp2_h6_bs4 (step 72000),2026-01-25 18:00:00,-0.9989379882812273,-4.037786865234352,-3.038848876953125,3.038848876953125
res2_m4_w512_mp2_h6_bs4 (step 72000),2026-01-26 00:00:00,1.6336914062500227,-5.466101074218727,-7.09979248046875,7.09979248046875
res2_m4_w512_mp2_h6_bs4 (step 72000),2026-01-26 06:00:00,-0.9836181640624773,-4.291601562499977,-3.3079833984375,3.3079833984375
res2_m4_w512_mp2_h6_bs4 (step 72000),2026-01-26 12:00:00,-2.0976318359374773,-2.1549743652343523,-0.057342529296875,0.057342529296875
res2_m4_w512_mp2_h6_bs4 (step 72000),2026-01-26 18:00:00,-2.3342041015624773,-0.7927612304687273,1.54144287109375,1.54144287109375
res2_m4_w512_mp2_h6_bs4 (step 72000),2026-01-27 00:00:00,-3.9899658203124773,0.6137939453125227,4.603759765625,4.603759765625
res2_m4_w512_mp2_h6_bs4 (step 72000),2026-01-27 06:00:00,-6.858923339843727,0.20842895507814774,7.067352294921875,7.067352294921875
res2_m4_w512_mp2_h6_bs4 (step 72000),2026-01-27 12:00:00,-8.906469726562477,0.32830200195314774,9.234771728515625,9.234771728515625
res2_m4_w512_mp2_h6_bs4 (step 72000),2026-01-27 18:00:00,-5.640905761718727,2.4031005859375227,8.04400634765625,8.04400634765625
res2_m4_w512_mp2_h6_bs4 (step 72000),2026-01-28 00:00:00,-4.439031982421852,-1.9461730957031023,2.49285888671875,2.49285888671875
res2_m4_w512_mp2_h6_bs4 (step 72000),2026-01-28 06:00:00,-6.505041503906227,-3.9830078124999773,2.52203369140625,2.52203369140625
res2_m4_w512_mp2_h6_bs4 (step 72000),2026-01-28 12:00:00,-8.746649169921852,-6.462652587890602,2.28399658203125,2.28399658203125
res2_m4_w512_mp2_h6_bs4 (step 72000),2026-01-28 18:00:00,-5.168676757812477,-4.065435791015602,1.103240966796875,1.103240966796875
res2_m4_w512_mp2_h6_bs4 (step 72000),2026-01-29 00:00:00,-6.373815917968727,-3.8750671386718523,2.498748779296875,2.498748779296875
res2_m4_w512_mp2_h6_bs4 (step 72000),2026-01-29 06:00:00,-8.877020263671852,-3.8232788085937273,5.053741455078125,5.053741455078125
res2_m4_w512_mp2_h6_bs4 (step 72000),2026-01-29 12:00:00,-10.972570800781227,-1.4131530761718523,9.559417724609375,9.559417724609375
res2_m4_w512_mp2_h6_bs4 (step 72000),2026-01-29 18:00:00,-6.115759277343727,2.4193969726562727,8.53515625,8.53515625
res2_m4_w512_mp2_h6_bs4 (step 72000),2026-01-30 00:00:00,-6.351904296874977,1.0991455078125227,7.4510498046875,7.4510498046875
res2_m4_w512_mp2_h6_bs4 (step 72000),2026-01-30 06:00:00,-8.039404296874977,-1.8501037597656023,6.189300537109375,6.189300537109375
res2_m4_w512_mp2_h6_bs4 (step 72000),2026-01-30 12:00:00,-11.473669433593727,-4.106115722656227,7.3675537109375,7.3675537109375
res2_m4_w512_mp2_h6_bs4 (step 72000),2026-01-30 18:00:00,-8.677587890624977,-1.7991699218749773,6.87841796875,6.87841796875
res2_m4_w512_mp2_h6_bs4 (step 72000),2026-01-31 00:00:00,-7.929998779296852,-2.5759338378906023,5.35406494140625,5.35406494140625
res2_m4_w512_mp2_h6_bs4 (step 72000),2026-01-31 06:00:00,-10.553808593749977,-4.341955566406227,6.21185302734375,6.21185302734375
res2_m4_w512_mp2_h6_bs4 (step 72000),2026-01-31 12:00:00,-12.356268310546852,-5.112219238281227,7.244049072265625,7.244049072265625
res2_m4_w512_mp2_h6_bs4 (step 72000),2026-01-31 18:00:00,-6.756719970703102,1.2932067871093977,8.0499267578125,8.0499267578125
res2_m4_w512_mp2_h6_bs4 (step 72000),2026-02-01 00:00:00,-5.106573486328102,6.367608642578148,11.47418212890625,11.47418212890625
res2_m4_w512_mp2_h6_bs4 (step 72000),2026-02-01 06:00:00,-6.130590820312477,2.4216247558593977,8.552215576171875,8.552215576171875
res2_m4_w512_mp2_h6_bs4 (step 72000),2026-02-01 12:00:00,-8.921636962890602,-10.322302246093727,-1.400665283203125,1.400665283203125
res2_m4_w512_mp2_h6_bs4 (step 72000),2026-02-01 18:00:00,-6.506689453124977,-4.681249999999977,1.825439453125,1.825439453125
res2_m4_w512_mp2_h6_bs4 (step 72000),2026-02-02 00:00:00,-4.664770507812477,-3.7428955078124773,0.921875,0.921875
res2_m4_w512_mp2_h6_bs4 (step 72000),2026-02-02 06:00:00,-7.738592529296852,-5.357550048828102,2.38104248046875,2.38104248046875
res2_m4_w512_mp2_h6_bs4 (step 72000),2026-02-02 12:00:00,-7.579260253906227,-5.160711669921852,2.418548583984375,2.418548583984375
res2_m4_w512_mp2_h6_bs4 (step 72000),2026-02-02 18:00:00,-0.6008056640624773,-3.7414306640624773,-3.140625,3.140625
res2_m4_w512_mp2_h6_bs4 (step 72000),2026-02-03 00:00:00,0.05758056640627274,-2.5625671386718523,-2.620147705078125,2.620147705078125
res2_m4_w512_mp2_h6_bs4 (step 72000),2026-02-03 06:00:00,-3.0601257324218523,-6.763647460937477,-3.703521728515625,3.703521728515625
res2_m4_w512_mp2_h6_bs4 (step 72000),2026-02-03 12:00:00,-5.066198730468727,-8.128820800781227,-3.0626220703125,3.0626220703125
res2_m4_w512_mp2_h6_bs4 (step 72000),2026-02-03 18:00:00,0.9055419921875227,-1.3940490722656023,-2.299591064453125,2.299591064453125
res2_m4_w512_mp2_h6_bs4 (step 72000),2026-02-04 00:00:00,1.2285400390625227,-2.4882873535156023,-3.716827392578125,3.716827392578125
res2_m4_w512_mp2_h6_bs4 (step 72000),2026-02-04 06:00:00,0.7866455078125227,-4.095617675781227,-4.88226318359375,4.88226318359375
res2_m4_w512_mp2_h6_bs4 (step 72000),2026-02-04 12:00:00,0.27987060546877274,-4.048681640624977,-4.32855224609375,4.32855224609375
res2_m4_w512_mp2_h6_bs4 (step 72000),2026-02-04 18:00:00,-0.09238281249997726,3.6012512207031477,3.693634033203125,3.693634033203125
res2_m4_w512_mp2_h6_bs4 (step 72000),2026-02-05 00:00:00,0.9365478515625227,3.4887329101562727,2.55218505859375,2.55218505859375
res2_m4_w512_mp2_h6_bs4 (step 72000),2026-02-05 06:00:00,-2.0011962890624773,2.8370300292968977,4.838226318359375,4.838226318359375
res2_m4_w512_mp2_h6_bs4 (step 72000),2026-02-05 12:00:00,-5.306341552734352,4.369226074218773,9.675567626953125,9.675567626953125
res2_m4_w512_mp2_h6_bs4 (step 72000),2026-02-05 18:00:00,-1.8114379882812273,3.2549377441406477,5.066375732421875,5.066375732421875
res2_m4_w512_mp2_h6_bs4 (step 72000),2026-02-06 00:00:00,-1.0391601562499773,0.14272460937502274,1.181884765625,1.181884765625
res2_m4_w512_mp2_h6_bs4 (step 72000),2026-02-06 06:00:00,-2.0542968749999773,-0.9485534667968523,1.105743408203125,1.105743408203125
res2_m4_w512_mp2_h6_bs4 (step 72000),2026-02-06 12:00:00,-3.6400512695312273,-1.3168395996093523,2.323211669921875,2.323211669921875
res2_m4_w512_mp2_h6_bs4 (step 72000),2026-02-06 18:00:00,-0.10147705078122726,0.8868041992187727,0.98828125,0.98828125
res2_m4_w512_mp2_h6_bs4 (step 72000),2026-02-07 00:00:00,0.6646972656250227,0.6931396484375227,0.0284423828125,0.0284423828125
res2_m4_w512_mp2_h6_bs4 (step 72000),2026-02-07 06:00:00,-1.3418640136718523,-0.29971923828122726,1.042144775390625,1.042144775390625
res2_m4_w512_mp2_h6_bs4 (step 72000),2026-02-07 12:00:00,-3.2405151367187273,-1.1219238281249773,2.11859130859375,2.11859130859375
res2_m4_w512_mp2_h6_bs4 (step 72000),2026-02-07 18:00:00,-9.481695556640602,3.6830383300781477,13.16473388671875,13.16473388671875
res2_m4_w512_mp2_h6_bs4 (step 72000),2026-02-08 00:00:00,-11.356695556640602,2.5330749511718977,13.8897705078125,13.8897705078125
res2_m4_w512_mp2_h6_bs4 (step 72000),2026-02-08 06:00:00,-12.810827636718727,0.47139892578127274,13.2822265625,13.2822265625
res2_m4_w512_mp2_h6_bs4 (step 72000),2026-02-08 12:00:00,-13.716284179687477,-0.9878295898437273,12.72845458984375,12.72845458984375
res2_m4_w512_mp2_h6_bs4 (step 72000),2026-02-08 18:00:00,-9.122686767578102,6.161279296875023,15.283966064453125,15.283966064453125
res2_m4_w512_mp2_h6_bs4 (step 72000),2026-02-09 00:00:00,-7.446142578124977,4.254632568359398,11.700775146484375,11.700775146484375
res2_m4_w512_mp2_h6_bs4 (step 72000),2026-02-09 06:00:00,-9.878698730468727,2.2904602050781477,12.169158935546875,12.169158935546875
res2_m4_w512_mp2_h6_bs4 (step 72000),2026-02-09 12:00:00,-10.475592041015602,0.22957763671877274,10.705169677734375,10.705169677734375
res2_m4_w512_mp2_h6_bs4 (step 72000),2026-02-09 18:00:00,-3.7253479003906023,2.4623962402343977,6.187744140625,6.187744140625
res2_m4_w512_mp2_h6_bs4 (step 72000),2026-02-10 00:00:00,-0.7656005859374773,3.2119079589843977,3.977508544921875,3.977508544921875
res2_m4_w512_mp2_h6_bs4 (step 72000),2026-02-10 06:00:00,-2.4319519042968523,2.3051696777343977,4.73712158203125,4.73712158203125
res2_m4_w512_mp2_h6_bs4 (step 72000),2026-02-10 12:00:00,-3.0523437499999773,-2.5419067382812273,0.51043701171875,0.51043701171875
res2_m4_w512_mp2_h6_bs4 (step 72000),2026-02-10 18:00:00,1.4015747070312727,-0.5942443847656023,-1.995819091796875,1.995819091796875
res2_m4_w512_mp2_h6_bs4 (step 72000),2026-02-11 00:00:00,2.8020874023437727,0.07467041015627274,-2.7274169921875,2.7274169921875
res2_m4_w512_mp2_h6_bs4 (step 72000),2026-02-11 06:00:00,1.3017517089843977,0.9454589843750227,-0.356292724609375,0.356292724609375
res2_m4_w512_mp2_h6_bs4 (step 72000),2026-02-11 12:00:00,1.9490295410156477,0.7193542480468977,-1.22967529296875,1.22967529296875
res2_m4_w512_mp2_h6_bs4 (step 72000),2026-02-11 18:00:00,5.391748046875023,6.303674316406273,0.91192626953125,0.91192626953125
res2_m4_w512_mp2_h6_bs4 (step 72000),2026-02-12 00:00:00,2.9899536132812727,1.8667236328125227,-1.12322998046875,1.12322998046875
res2_m4_w512_mp2_h6_bs4 (step 72000),2026-02-12 06:00:00,0.7694030761718977,3.5033813476562727,2.733978271484375,2.733978271484375
res2_m4_w512_mp2_h6_bs4 (step 72000),2026-02-12 12:00:00,0.06881103515627274,4.152307128906273,4.08349609375,4.08349609375
res2_m4_w512_mp2_h6_bs4 (step 72000),2026-02-12 18:00:00,1.4705444335937727,7.391992187500023,5.92144775390625,5.92144775390625
res2_m4_w512_mp2_h6_bs4 (step 72000),2026-02-13 00:00:00,0.7520690917968977,7.159020996093773,6.406951904296875,6.406951904296875
res2_m4_w512_mp2_h6_bs4 (step 72000),2026-02-13 06:00:00,-1.7212280273437273,4.630395507812523,6.35162353515625,6.35162353515625
res2_m4_w512_mp2_h6_bs4 (step 72000),2026-02-13 12:00:00,-3.5005859374999773,3.3489929199218977,6.849578857421875,6.849578857421875
res2_m4_w512_mp2_h6_bs4 (step 72000),2026-02-13 18:00:00,0.8124633789062727,3.0399108886718977,2.227447509765625,2.227447509765625
res2_m4_w512_mp2_h6_bs4 (step 72000),2026-02-14 00:00:00,1.8525939941406477,1.6646362304687727,-0.187957763671875,0.187957763671875
res2_m4_w512_mp2_h6_bs4 (step 72000),2026-02-14 06:00:00,-0.28311767578122726,-0.010198974609352263,0.272918701171875,0.272918701171875
res2_m4_w512_mp2_h6_bs4 (step 72000),2026-02-14 12:00:00,-0.16721191406247726,0.9188476562500227,1.0860595703125,1.0860595703125
res2_m4_w512_mp2_h6_bs4 (step 72000),2026-02-14 18:00:00,5.243157958984398,1.7574401855468977,-3.4857177734375,3.4857177734375
res2_m4_w512_mp2_h6_bs4 (step 72000),2026-02-15 00:00:00,4.379479980468773,1.4202819824218977,-2.959197998046875,2.959197998046875
res2_m4_w512_mp2_h6_bs4 (step 72000),2026-02-15 06:00:00,2.0650878906250227,3.3811279296875227,1.3160400390625,1.3160400390625
res2_m4_w512_mp2_h6_bs4 (step 72000),2026-02-15 12:00:00,0.6053100585937727,1.7383666992187727,1.133056640625,1.133056640625
res2_m4_w512_mp2_h6_bs4 (step 72000),2026-02-15 18:00:00,3.0157714843750227,3.2944274902343977,0.278656005859375,0.278656005859375
res2_m4_w512_mp2_h6_bs4 (step 72000),2026-02-16 00:00:00,3.1725097656250227,1.5972534179687727,-1.57525634765625,1.57525634765625
res2_m4_w1024_mp1_h6_bs4 (step 66000),2026-01-24 12:00:00,-10.399420166015602,11.114709472656273,21.514129638671875,21.514129638671875
res2_m4_w1024_mp1_h6_bs4 (step 66000),2026-01-24 18:00:00,-7.961706542968727,13.185632324218773,21.1473388671875,21.1473388671875
res2_m4_w1024_mp1_h6_bs4 (step 66000),2026-01-25 00:00:00,-6.614233398437477,9.945733642578148,16.559967041015625,16.559967041015625
res2_m4_w1024_mp1_h6_bs4 (step 66000),2026-01-25 06:00:00,-6.842749023437477,5.878900146484398,12.721649169921875,12.721649169921875
res2_m4_w1024_mp1_h6_bs4 (step 66000),2026-01-25 12:00:00,-5.949133300781227,11.260949707031273,17.2100830078125,17.2100830078125
res2_m4_w1024_mp1_h6_bs4 (step 66000),2026-01-25 18:00:00,-0.9989379882812273,12.786035156250023,13.78497314453125,13.78497314453125
res2_m4_w1024_mp1_h6_bs4 (step 66000),2026-01-26 00:00:00,1.6336914062500227,8.433465576171898,6.799774169921875,6.799774169921875
res2_m4_w1024_mp1_h6_bs4 (step 66000),2026-01-26 06:00:00,-0.9836181640624773,4.626062011718773,5.60968017578125,5.60968017578125
res2_m4_w1024_mp1_h6_bs4 (step 66000),2026-01-26 12:00:00,-2.0976318359374773,2.6679016113281477,4.765533447265625,4.765533447265625
res2_m4_w1024_mp1_h6_bs4 (step 66000),2026-01-26 18:00:00,-2.3342041015624773,4.362207031250023,6.6964111328125,6.6964111328125
res2_m4_w1024_mp1_h6_bs4 (step 66000),2026-01-27 00:00:00,-3.9899658203124773,8.087945556640648,12.077911376953125,12.077911376953125
res2_m4_w1024_mp1_h6_bs4 (step 66000),2026-01-27 06:00:00,-6.858923339843727,3.0559631347656477,9.914886474609375,9.914886474609375
res2_m4_w1024_mp1_h6_bs4 (step 66000),2026-01-27 12:00:00,-8.906469726562477,1.4320922851562727,10.33856201171875,10.33856201171875
res2_m4_w1024_mp1_h6_bs4 (step 66000),2026-01-27 18:00:00,-5.640905761718727,1.3270812988281477,6.967987060546875,6.967987060546875
res2_m4_w1024_mp1_h6_bs4 (step 66000),2026-01-28 00:00:00,-4.439031982421852,1.9797912597656477,6.4188232421875,6.4188232421875
res2_m4_w1024_mp1_h6_bs4 (step 66000),2026-01-28 06:00:00,-6.505041503906227,-1.7507385253906023,4.754302978515625,4.754302978515625
res2_m4_w1024_mp1_h6_bs4 (step 66000),2026-01-28 12:00:00,-8.746649169921852,-2.2077697753906023,6.53887939453125,6.53887939453125
res2_m4_w1024_mp1_h6_bs4 (step 66000),2026-01-28 18:00:00,-5.168676757812477,1.6414733886718977,6.810150146484375,6.810150146484375
res2_m4_w1024_mp1_h6_bs4 (step 66000),2026-01-29 00:00:00,-6.373815917968727,0.8178039550781477,7.191619873046875,7.191619873046875
res2_m4_w1024_mp1_h6_bs4 (step 66000),2026-01-29 06:00:00,-8.877020263671852,3.3759094238281477,12.2529296875,12.2529296875
res2_m4_w1024_mp1_h6_bs4 (step 66000),2026-01-29 12:00:00,-10.972570800781227,3.0262695312500227,13.99884033203125,13.99884033203125
res2_m4_w1024_mp1_h6_bs4 (step 66000),2026-01-29 18:00:00,-6.115759277343727,7.420648193359398,13.536407470703125,13.536407470703125
res2_m4_w1024_mp1_h6_bs4 (step 66000),2026-01-30 00:00:00,-6.351904296874977,5.412683105468773,11.76458740234375,11.76458740234375
res2_m4_w1024_mp1_h6_bs4 (step 66000),2026-01-30 06:00:00,-8.039404296874977,3.8584228515625227,11.8978271484375,11.8978271484375
res2_m4_w1024_mp1_h6_bs4 (step 66000),2026-01-30 12:00:00,-11.473669433593727,3.0966125488281477,14.570281982421875,14.570281982421875
res2_m4_w1024_mp1_h6_bs4 (step 66000),2026-01-30 18:00:00,-8.677587890624977,5.074639892578148,13.752227783203125,13.752227783203125
res2_m4_w1024_mp1_h6_bs4 (step 66000),2026-01-31 00:00:00,-7.929998779296852,2.9556213378906477,10.8856201171875,10.8856201171875
res2_m4_w1024_mp1_h6_bs4 (step 66000),2026-01-31 06:00:00,-10.553808593749977,2.9701171875000227,13.52392578125,13.52392578125
res2_m4_w1024_mp1_h6_bs4 (step 66000),2026-01-31 12:00:00,-12.356268310546852,4.032312011718773,16.388580322265625,16.388580322265625
res2_m4_w1024_mp1_h6_bs4 (step 66000),2026-01-31 18:00:00,-6.756719970703102,8.259698486328148,15.01641845703125,15.01641845703125
res2_m4_w1024_mp1_h6_bs4 (step 66000),2026-02-01 00:00:00,-5.106573486328102,2.5050598144531477,7.61163330078125,7.61163330078125
res2_m4_w1024_mp1_h6_bs4 (step 66000),2026-02-01 06:00:00,-6.130590820312477,-0.7988342285156023,5.331756591796875,5.331756591796875
res2_m4_w1024_mp1_h6_bs4 (step 66000),2026-02-01 12:00:00,-8.921636962890602,-2.3756164550781023,6.5460205078125,6.5460205078125
res2_m4_w1024_mp1_h6_bs4 (step 66000),2026-02-01 18:00:00,-6.506689453124977,2.5848937988281477,9.091583251953125,9.091583251953125
res2_m4_w1024_mp1_h6_bs4 (step 66000),2026-02-02 00:00:00,-4.664770507812477,-0.6814636230468523,3.983306884765625,3.983306884765625
res2_m4_w1024_mp1_h6_bs4 (step 66000),2026-02-02 06:00:00,-7.738592529296852,-1.8338378906249773,5.904754638671875,5.904754638671875
res2_m4_w1024_mp1_h6_bs4 (step 66000),2026-02-02 12:00:00,-7.579260253906227,-2.6105712890624773,4.96868896484375,4.96868896484375
res2_m4_w1024_mp1_h6_bs4 (step 66000),2026-02-02 18:00:00,-0.6008056640624773,3.0551086425781477,3.655914306640625,3.655914306640625
res2_m4_w1024_mp1_h6_bs4 (step 66000),2026-02-03 00:00:00,0.05758056640627274,1.2310119628906477,1.173431396484375,1.173431396484375
res2_m4_w1024_mp1_h6_bs4 (step 66000),2026-02-03 06:00:00,-3.0601257324218523,1.8979431152343977,4.95806884765625,4.95806884765625
res2_m4_w1024_mp1_h6_bs4 (step 66000),2026-02-03 12:00:00,-5.066198730468727,1.5509582519531477,6.617156982421875,6.617156982421875
res2_m4_w1024_mp1_h6_bs4 (step 66000),2026-02-03 18:00:00,0.9055419921875227,4.114587402343773,3.20904541015625,3.20904541015625
res2_m4_w1024_mp1_h6_bs4 (step 66000),2026-02-04 00:00:00,1.2285400390625227,3.1872192382812727,1.95867919921875,1.95867919921875
res2_m4_w1024_mp1_h6_bs4 (step 66000),2026-02-04 06:00:00,0.7866455078125227,3.6440368652343977,2.857391357421875,2.857391357421875
res2_m4_w1024_mp1_h6_bs4 (step 66000),2026-02-04 12:00:00,0.27987060546877274,4.536492919921898,4.256622314453125,4.256622314453125
res2_m4_w1024_mp1_h6_bs4 (step 66000),2026-02-04 18:00:00,-0.09238281249997726,5.992517089843773,6.08489990234375,6.08489990234375
res2_m4_w1024_mp1_h6_bs4 (step 66000),2026-02-05 00:00:00,0.9365478515625227,5.926110839843773,4.98956298828125,4.98956298828125
res2_m4_w1024_mp1_h6_bs4 (step 66000),2026-02-05 06:00:00,-2.0011962890624773,7.632043457031273,9.63323974609375,9.63323974609375
res2_m4_w1024_mp1_h6_bs4 (step 66000),2026-02-05 12:00:00,-5.306341552734352,1.7714477539062727,7.077789306640625,7.077789306640625
res2_m4_w1024_mp1_h6_bs4 (step 66000),2026-02-05 18:00:00,-1.8114379882812273,5.481774902343773,7.293212890625,7.293212890625
res2_m4_w1024_mp1_h6_bs4 (step 66000),2026-02-06 00:00:00,-1.0391601562499773,2.3399597167968977,3.379119873046875,3.379119873046875
res2_m4_w1024_mp1_h6_bs4 (step 66000),2026-02-06 06:00:00,-2.0542968749999773,1.3702636718750227,3.424560546875,3.424560546875
res2_m4_w1024_mp1_h6_bs4 (step 66000),2026-02-06 12:00:00,-3.6400512695312273,1.9135986328125227,5.55364990234375,5.55364990234375
res2_m4_w1024_mp1_h6_bs4 (step 66000),2026-02-06 18:00:00,-0.10147705078122726,3.8607421875000227,3.96221923828125,3.96221923828125
res2_m4_w1024_mp1_h6_bs4 (step 66000),2026-02-07 00:00:00,0.6646972656250227,5.929925537109398,5.265228271484375,5.265228271484375
res2_m4_w1024_mp1_h6_bs4 (step 66000),2026-02-07 06:00:00,-1.3418640136718523,4.279931640625023,5.621795654296875,5.621795654296875
res2_m4_w1024_mp1_h6_bs4 (step 66000),2026-02-07 12:00:00,-3.2405151367187273,3.0582214355468977,6.298736572265625,6.298736572265625
res2_m4_w1024_mp1_h6_bs4 (step 66000),2026-02-07 18:00:00,-9.481695556640602,7.445275878906273,16.926971435546875,16.926971435546875
res2_m4_w1024_mp1_h6_bs4 (step 66000),2026-02-08 00:00:00,-11.356695556640602,6.926232910156273,18.282928466796875,18.282928466796875
res2_m4_w1024_mp1_h6_bs4 (step 66000),2026-02-08 06:00:00,-12.810827636718727,5.779931640625023,18.59075927734375,18.59075927734375
res2_m4_w1024_mp1_h6_bs4 (step 66000),2026-02-08 12:00:00,-13.716284179687477,3.9875732421875227,17.703857421875,17.703857421875
res2_m4_w1024_mp1_h6_bs4 (step 66000),2026-02-08 18:00:00,-9.122686767578102,6.973474121093773,16.096160888671875,16.096160888671875
res2_m4_w1024_mp1_h6_bs4 (step 66000),2026-02-09 00:00:00,-7.446142578124977,4.479608154296898,11.925750732421875,11.925750732421875
res2_m4_w1024_mp1_h6_bs4 (step 66000),2026-02-09 06:00:00,-9.878698730468727,3.4521118164062727,13.330810546875,13.330810546875
res2_m4_w1024_mp1_h6_bs4 (step 66000),2026-02-09 12:00:00,-10.475592041015602,4.699273681640648,15.17486572265625,15.17486572265625
res2_m4_w1024_mp1_h6_bs4 (step 66000),2026-02-09 18:00:00,-3.7253479003906023,9.224420166015648,12.94976806640625,12.94976806640625
res2_m4_w1024_mp1_h6_bs4 (step 66000),2026-02-10 00:00:00,-0.7656005859374773,8.277917480468773,9.04351806640625,9.04351806640625
res2_m4_w1024_mp1_h6_bs4 (step 66000),2026-02-10 06:00:00,-2.4319519042968523,6.249963378906273,8.681915283203125,8.681915283203125
res2_m4_w1024_mp1_h6_bs4 (step 66000),2026-02-10 12:00:00,-3.0523437499999773,4.364831542968773,7.41717529296875,7.41717529296875
res2_m4_w1024_mp1_h6_bs4 (step 66000),2026-02-10 18:00:00,1.4015747070312727,8.311914062500023,6.91033935546875,6.91033935546875
res2_m4_w1024_mp1_h6_bs4 (step 66000),2026-02-11 00:00:00,2.8020874023437727,9.845391845703148,7.043304443359375,7.043304443359375
res2_m4_w1024_mp1_h6_bs4 (step 66000),2026-02-11 06:00:00,1.3017517089843977,10.792993164062523,9.491241455078125,9.491241455078125
res2_m4_w1024_mp1_h6_bs4 (step 66000),2026-02-11 12:00:00,1.9490295410156477,10.749597167968773,8.800567626953125,8.800567626953125
res2_m4_w1024_mp1_h6_bs4 (step 66000),2026-02-11 18:00:00,5.391748046875023,11.515039062500023,6.123291015625,6.123291015625
res2_m4_w1024_mp1_h6_bs4 (step 66000),2026-02-12 00:00:00,2.9899536132812727,11.410455322265648,8.420501708984375,8.420501708984375
res2_m4_w1024_mp1_h6_bs4 (step 66000),2026-02-12 06:00:00,0.7694030761718977,7.801629638671898,7.0322265625,7.0322265625
res2_m4_w1024_mp1_h6_bs4 (step 66000),2026-02-12 12:00:00,0.06881103515627274,6.379602050781273,6.310791015625,6.310791015625
res2_m4_w1024_mp1_h6_bs4 (step 66000),2026-02-12 18:00:00,1.4705444335937727,6.368920898437523,4.89837646484375,4.89837646484375
res2_m4_w1024_mp1_h6_bs4 (step 66000),2026-02-13 00:00:00,0.7520690917968977,3.9858337402343977,3.2337646484375,3.2337646484375
res2_m4_w1024_mp1_h6_bs4 (step 66000),2026-02-13 06:00:00,-1.7212280273437273,4.213861083984398,5.935089111328125,5.935089111328125
res2_m4_w1024_mp1_h6_bs4 (step 66000),2026-02-13 12:00:00,-3.5005859374999773,5.117242431640648,8.617828369140625,8.617828369140625
res2_m4_w1024_mp1_h6_bs4 (step 66000),2026-02-13 18:00:00,0.8124633789062727,8.056756591796898,7.244293212890625,7.244293212890625
res2_m4_w1024_mp1_h6_bs4 (step 66000),2026-02-14 00:00:00,1.8525939941406477,7.899987792968773,6.047393798828125,6.047393798828125
res2_m4_w1024_mp1_h6_bs4 (step 66000),2026-02-14 06:00:00,-0.28311767578122726,6.868463134765648,7.151580810546875,7.151580810546875
res2_m4_w1024_mp1_h6_bs4 (step 66000),2026-02-14 12:00:00,-0.16721191406247726,7.523309326171898,7.690521240234375,7.690521240234375
res2_m4_w1024_mp1_h6_bs4 (step 66000),2026-02-14 18:00:00,5.243157958984398,11.257836914062523,6.014678955078125,6.014678955078125
res2_m4_w1024_mp1_h6_bs4 (step 66000),2026-02-15 00:00:00,4.379479980468773,9.547479248046898,5.167999267578125,5.167999267578125
res2_m4_w1024_mp1_h6_bs4 (step 66000),2026-02-15 06:00:00,2.0650878906250227,5.551385498046898,3.486297607421875,3.486297607421875
res2_m4_w1024_mp1_h6_bs4 (step 66000),2026-02-15 12:00:00,0.6053100585937727,5.709680175781273,5.1043701171875,5.1043701171875
res2_m4_w1024_mp1_h6_bs4 (step 66000),2026-02-15 18:00:00,3.0157714843750227,9.515496826171898,6.499725341796875,6.499725341796875
res2_m4_w1024_mp1_h6_bs4 (step 66000),2026-02-16 00:00:00,3.1725097656250227,6.355767822265648,3.183258056640625,3.183258056640625
res2_m4_w1024_mp2_h6_bs4 (step 66000),2026-01-24 12:00:00,-10.399420166015602,10.440209960937523,20.839630126953125,20.839630126953125
res2_m4_w1024_mp2_h6_bs4 (step 66000),2026-01-24 18:00:00,-7.961706542968727,11.999536132812523,19.96124267578125,19.96124267578125
res2_m4_w1024_mp2_h6_bs4 (step 66000),2026-01-25 00:00:00,-6.614233398437477,12.123590087890648,18.737823486328125,18.737823486328125
res2_m4_w1024_mp2_h6_bs4 (step 66000),2026-01-25 06:00:00,-6.842749023437477,10.512628173828148,17.355377197265625,17.355377197265625
res2_m4_w1024_mp2_h6_bs4 (step 66000),2026-01-25 12:00:00,-5.949133300781227,9.100457763671898,15.049591064453125,15.049591064453125
res2_m4_w1024_mp2_h6_bs4 (step 66000),2026-01-25 18:00:00,-0.9989379882812273,8.743707275390648,9.742645263671875,9.742645263671875
res2_m4_w1024_mp2_h6_bs4 (step 66000),2026-01-26 00:00:00,1.6336914062500227,4.509912109375023,2.876220703125,2.876220703125
res2_m4_w1024_mp2_h6_bs4 (step 66000),2026-01-26 06:00:00,-0.9836181640624773,-1.9129699707031023,-0.929351806640625,0.929351806640625
res2_m4_w1024_mp2_h6_bs4 (step 66000),2026-01-26 12:00:00,-2.0976318359374773,-1.7499450683593523,0.347686767578125,0.347686767578125
res2_m4_w1024_mp2_h6_bs4 (step 66000),2026-01-26 18:00:00,-2.3342041015624773,3.2885070800781477,5.622711181640625,5.622711181640625
res2_m4_w1024_mp2_h6_bs4 (step 66000),2026-01-27 00:00:00,-3.9899658203124773,3.4804016113281477,7.470367431640625,7.470367431640625
res2_m4_w1024_mp2_h6_bs4 (step 66000),2026-01-27 06:00:00,-6.858923339843727,-0.6464904785156023,6.212432861328125,6.212432861328125
res2_m4_w1024_mp2_h6_bs4 (step 66000),2026-01-27 12:00:00,-8.906469726562477,-1.8915161132812273,7.01495361328125,7.01495361328125
res2_m4_w1024_mp2_h6_bs4 (step 66000),2026-01-27 18:00:00,-5.640905761718727,1.1397949218750227,6.78070068359375,6.78070068359375
res2_m4_w1024_mp2_h6_bs4 (step 66000),2026-01-28 00:00:00,-4.439031982421852,1.2473083496093977,5.68634033203125,5.68634033203125
res2_m4_w1024_mp2_h6_bs4 (step 66000),2026-01-28 06:00:00,-6.505041503906227,0.6265197753906477,7.131561279296875,7.131561279296875
res2_m4_w1024_mp2_h6_bs4 (step 66000),2026-01-28 12:00:00,-8.746649169921852,-0.9303344726562273,7.816314697265625,7.816314697265625
res2_m4_w1024_mp2_h6_bs4 (step 66000),2026-01-28 18:00:00,-5.168676757812477,5.301538085937523,10.47021484375,10.47021484375
res2_m4_w1024_mp2_h6_bs4 (step 66000),2026-01-29 00:00:00,-6.373815917968727,3.2794738769531477,9.653289794921875,9.653289794921875
res2_m4_w1024_mp2_h6_bs4 (step 66000),2026-01-29 06:00:00,-8.877020263671852,0.8153015136718977,9.69232177734375,9.69232177734375
res2_m4_w1024_mp2_h6_bs4 (step 66000),2026-01-29 12:00:00,-10.972570800781227,-1.3791564941406023,9.593414306640625,9.593414306640625
res2_m4_w1024_mp2_h6_bs4 (step 66000),2026-01-29 18:00:00,-6.115759277343727,2.4566284179687727,8.5723876953125,8.5723876953125
res2_m4_w1024_mp2_h6_bs4 (step 66000),2026-01-30 00:00:00,-6.351904296874977,1.9959655761718977,8.347869873046875,8.347869873046875
res2_m4_w1024_mp2_h6_bs4 (step 66000),2026-01-30 06:00:00,-8.039404296874977,2.9597412109375227,10.9991455078125,10.9991455078125
res2_m4_w1024_mp2_h6_bs4 (step 66000),2026-01-30 12:00:00,-11.473669433593727,3.8147521972656477,15.288421630859375,15.288421630859375
res2_m4_w1024_mp2_h6_bs4 (step 66000),2026-01-30 18:00:00,-8.677587890624977,9.611169433593773,18.28875732421875,18.28875732421875
res2_m4_w1024_mp2_h6_bs4 (step 66000),2026-01-31 00:00:00,-7.929998779296852,9.371301269531273,17.301300048828125,17.301300048828125
res2_m4_w1024_mp2_h6_bs4 (step 66000),2026-01-31 06:00:00,-10.553808593749977,7.221063232421898,17.774871826171875,17.774871826171875
res2_m4_w1024_mp2_h6_bs4 (step 66000),2026-01-31 12:00:00,-12.356268310546852,0.44292602539064774,12.7991943359375,12.7991943359375
res2_m4_w1024_mp2_h6_bs4 (step 66000),2026-01-31 18:00:00,-6.756719970703102,5.378015136718773,12.134735107421875,12.134735107421875
res2_m4_w1024_mp2_h6_bs4 (step 66000),2026-02-01 00:00:00,-5.106573486328102,3.7791076660156477,8.88568115234375,8.88568115234375
res2_m4_w1024_mp2_h6_bs4 (step 66000),2026-02-01 06:00:00,-6.130590820312477,0.8540283203125227,6.984619140625,6.984619140625
res2_m4_w1024_mp2_h6_bs4 (step 66000),2026-02-01 12:00:00,-8.921636962890602,-7.204840087890602,1.716796875,1.716796875
res2_m4_w1024_mp2_h6_bs4 (step 66000),2026-02-01 18:00:00,-6.506689453124977,-3.1494201660156023,3.357269287109375,3.357269287109375
res2_m4_w1024_mp2_h6_bs4 (step 66000),2026-02-02 00:00:00,-4.664770507812477,0.48162231445314774,5.146392822265625,5.146392822265625
res2_m4_w1024_mp2_h6_bs4 (step 66000),2026-02-02 06:00:00,-7.738592529296852,1.2803588867187727,9.018951416015625,9.018951416015625
res2_m4_w1024_mp2_h6_bs4 (step 66000),2026-02-02 12:00:00,-7.579260253906227,-0.6814941406249773,6.89776611328125,6.89776611328125
res2_m4_w1024_mp2_h6_bs4 (step 66000),2026-02-02 18:00:00,-0.6008056640624773,5.084527587890648,5.685333251953125,5.685333251953125
res2_m4_w1024_mp2_h6_bs4 (step 66000),2026-02-03 00:00:00,0.05758056640627274,3.5494323730468977,3.491851806640625,3.491851806640625
res2_m4_w1024_mp2_h6_bs4 (step 66000),2026-02-03 06:00:00,-3.0601257324218523,0.12978515625002274,3.189910888671875,3.189910888671875
res2_m4_w1024_mp2_h6_bs4 (step 66000),2026-02-03 12:00:00,-5.066198730468727,-2.5010742187499773,2.56512451171875,2.56512451171875
res2_m4_w1024_mp2_h6_bs4 (step 66000),2026-02-03 18:00:00,0.9055419921875227,3.9744506835937727,3.06890869140625,3.06890869140625
res2_m4_w1024_mp2_h6_bs4 (step 66000),2026-02-04 00:00:00,1.2285400390625227,2.7392211914062727,1.51068115234375,1.51068115234375
res2_m4_w1024_mp2_h6_bs4 (step 66000),2026-02-04 06:00:00,0.7866455078125227,5.042474365234398,4.255828857421875,4.255828857421875
res2_m4_w1024_mp2_h6_bs4 (step 66000),2026-02-04 12:00:00,0.27987060546877274,6.364282226562523,6.08441162109375,6.08441162109375
res2_m4_w1024_mp2_h6_bs4 (step 66000),2026-02-04 18:00:00,-0.09238281249997726,7.876031494140648,7.968414306640625,7.968414306640625
res2_m4_w1024_mp2_h6_bs4 (step 66000),2026-02-05 00:00:00,0.9365478515625227,6.589440917968773,5.65289306640625,5.65289306640625
res2_m4_w1024_mp2_h6_bs4 (step 66000),2026-02-05 06:00:00,-2.0011962890624773,3.9713989257812727,5.97259521484375,5.97259521484375
res2_m4_w1024_mp2_h6_bs4 (step 66000),2026-02-05 12:00:00,-5.306341552734352,-0.14313354492185226,5.1632080078125,5.1632080078125
res2_m4_w1024_mp2_h6_bs4 (step 66000),2026-02-05 18:00:00,-1.8114379882812273,2.2735839843750227,4.08502197265625,4.08502197265625
res2_m4_w1024_mp2_h6_bs4 (step 66000),2026-02-06 00:00:00,-1.0391601562499773,1.4386230468750227,2.477783203125,2.477783203125
res2_m4_w1024_mp2_h6_bs4 (step 66000),2026-02-06 06:00:00,-2.0542968749999773,1.9387145996093977,3.993011474609375,3.993011474609375
res2_m4_w1024_mp2_h6_bs4 (step 66000),2026-02-06 12:00:00,-3.6400512695312273,5.097497558593773,8.737548828125,8.737548828125
res2_m4_w1024_mp2_h6_bs4 (step 66000),2026-02-06 18:00:00,-0.10147705078122726,9.818322753906273,9.9197998046875,9.9197998046875
res2_m4_w1024_mp2_h6_bs4 (step 66000),2026-02-07 00:00:00,0.6646972656250227,8.222711181640648,7.558013916015625,7.558013916015625
res2_m4_w1024_mp2_h6_bs4 (step 66000),2026-02-07 06:00:00,-1.3418640136718523,5.371850585937523,6.713714599609375,6.713714599609375
res2_m4_w1024_mp2_h6_bs4 (step 66000),2026-02-07 12:00:00,-3.2405151367187273,3.7423645019531477,6.982879638671875,6.982879638671875
res2_m4_w1024_mp2_h6_bs4 (step 66000),2026-02-07 18:00:00,-9.481695556640602,8.234490966796898,17.7161865234375,17.7161865234375
res2_m4_w1024_mp2_h6_bs4 (step 66000),2026-02-08 00:00:00,-11.356695556640602,7.703698730468773,19.060394287109375,19.060394287109375
res2_m4_w1024_mp2_h6_bs4 (step 66000),2026-02-08 06:00:00,-12.810827636718727,7.317590332031273,20.12841796875,20.12841796875
res2_m4_w1024_mp2_h6_bs4 (step 66000),2026-02-08 12:00:00,-13.716284179687477,4.968560791015648,18.684844970703125,18.684844970703125
res2_m4_w1024_mp2_h6_bs4 (step 66000),2026-02-08 18:00:00,-9.122686767578102,8.583062744140648,17.70574951171875,17.70574951171875
res2_m4_w1024_mp2_h6_bs4 (step 66000),2026-02-09 00:00:00,-7.446142578124977,8.767388916015648,16.213531494140625,16.213531494140625
res2_m4_w1024_mp2_h6_bs4 (step 66000),2026-02-09 06:00:00,-9.878698730468727,9.315637207031273,19.1943359375,19.1943359375
res2_m4_w1024_mp2_h6_bs4 (step 66000),2026-02-09 12:00:00,-10.475592041015602,7.375177001953148,17.85076904296875,17.85076904296875
res2_m4_w1024_mp2_h6_bs4 (step 66000),2026-02-09 18:00:00,-3.7253479003906023,12.731347656250023,16.456695556640625,16.456695556640625
res2_m4_w1024_mp2_h6_bs4 (step 66000),2026-02-10 00:00:00,-0.7656005859374773,9.585717773437523,10.351318359375,10.351318359375
res2_m4_w1024_mp2_h6_bs4 (step 66000),2026-02-10 06:00:00,-2.4319519042968523,6.795281982421898,9.22723388671875,9.22723388671875
res2_m4_w1024_mp2_h6_bs4 (step 66000),2026-02-10 12:00:00,-3.0523437499999773,8.301477050781273,11.35382080078125,11.35382080078125
res2_m4_w1024_mp2_h6_bs4 (step 66000),2026-02-10 18:00:00,1.4015747070312727,7.493432617187523,6.09185791015625,6.09185791015625
res2_m4_w1024_mp2_h6_bs4 (step 66000),2026-02-11 00:00:00,2.8020874023437727,8.759881591796898,5.957794189453125,5.957794189453125
res2_m4_w1024_mp2_h6_bs4 (step 66000),2026-02-11 06:00:00,1.3017517089843977,10.642694091796898,9.3409423828125,9.3409423828125
res2_m4_w1024_mp2_h6_bs4 (step 66000),2026-02-11 12:00:00,1.9490295410156477,11.234033203125023,9.285003662109375,9.285003662109375
res2_m4_w1024_mp2_h6_bs4 (step 66000),2026-02-11 18:00:00,5.391748046875023,10.671350097656273,5.27960205078125,5.27960205078125
res2_m4_w1024_mp2_h6_bs4 (step 66000),2026-02-12 00:00:00,2.9899536132812727,9.777307128906273,6.787353515625,6.787353515625
res2_m4_w1024_mp2_h6_bs4 (step 66000),2026-02-12 06:00:00,0.7694030761718977,1.4433837890625227,0.673980712890625,0.673980712890625
res2_m4_w1024_mp2_h6_bs4 (step 66000),2026-02-12 12:00:00,0.06881103515627274,-0.12164916992185226,-0.190460205078125,0.190460205078125
res2_m4_w1024_mp2_h6_bs4 (step 66000),2026-02-12 18:00:00,1.4705444335937727,4.441583251953148,2.971038818359375,2.971038818359375
res2_m4_w1024_mp2_h6_bs4 (step 66000),2026-02-13 00:00:00,0.7520690917968977,2.9055114746093977,2.1534423828125,2.1534423828125
res2_m4_w1024_mp2_h6_bs4 (step 66000),2026-02-13 06:00:00,-1.7212280273437273,3.3285461425781477,5.049774169921875,5.049774169921875
res2_m4_w1024_mp2_h6_bs4 (step 66000),2026-02-13 12:00:00,-3.5005859374999773,3.9375549316406477,7.438140869140625,7.438140869140625
res2_m4_w1024_mp2_h6_bs4 (step 66000),2026-02-13 18:00:00,0.8124633789062727,4.085809326171898,3.273345947265625,3.273345947265625
res2_m4_w1024_mp2_h6_bs4 (step 66000),2026-02-14 00:00:00,1.8525939941406477,6.654443359375023,4.801849365234375,4.801849365234375
res2_m4_w1024_mp2_h6_bs4 (step 66000),2026-02-14 06:00:00,-0.28311767578122726,5.022515869140648,5.305633544921875,5.305633544921875
res2_m4_w1024_mp2_h6_bs4 (step 66000),2026-02-14 12:00:00,-0.16721191406247726,6.324517822265648,6.491729736328125,6.491729736328125
res2_m4_w1024_mp2_h6_bs4 (step 66000),2026-02-14 18:00:00,5.243157958984398,6.996636962890648,1.75347900390625,1.75347900390625
res2_m4_w1024_mp2_h6_bs4 (step 66000),2026-02-15 00:00:00,4.379479980468773,6.304254150390648,1.924774169921875,1.924774169921875
res2_m4_w1024_mp2_h6_bs4 (step 66000),2026-02-15 06:00:00,2.0650878906250227,8.273370361328148,6.208282470703125,6.208282470703125
res2_m4_w1024_mp2_h6_bs4 (step 66000),2026-02-15 12:00:00,0.6053100585937727,5.248742675781273,4.6434326171875,4.6434326171875
res2_m4_w1024_mp2_h6_bs4 (step 66000),2026-02-15 18:00:00,3.0157714843750227,5.710839843750023,2.695068359375,2.695068359375
res2_m4_w1024_mp2_h6_bs4 (step 66000),2026-02-16 00:00:00,3.1725097656250227,6.226220703125023,3.0537109375,3.0537109375
