run_id,lead_hours,pressure_hpa,baseline_mse,baseline_rmse,baseline_mean_bias,baseline_spatial_bias_energy,baseline_spatial_bias_energy_pct,baseline_centered_rmse,residual_mse,residual_rmse,residual_mean_bias,residual_spatial_bias_energy,residual_spatial_bias_energy_pct,residual_centered_rmse,mse_reduction,bias_removal_share_of_mse_reduction_pct
k1_w128_d16,6,1,924545601.990688,30406.341476584912,-30200.45185941862,912067519.1953796,98.65035507513733,3532.432985253678,7326929.382477884,2706.8301355049757,8.451601717672231,44519.07516870186,0.6076089019660513,2698.5941353432872,917218672.6082101,99.4335404802407
k1_w128_d16,6,2,430217429.3785183,20741.683378610287,-20594.500526289597,424133714.12418574,98.58589753950207,2466.518853431402,3004319.384612232,1733.2972580063213,290.40369109354566,104174.00846885417,3.4674744969666373,1702.9813199631337,427213109.9939061,99.25480520056263
k1_w128_d16,6,3,243639333.34701648,15608.950424260322,-15500.086817749434,240252948.29746366,98.61008277972523,1840.2133163176554,1614772.2918874396,1270.7369089970746,-243.2671396904725,69755.98571129773,4.319865163760204,1242.9868487542988,242024561.05512905,99.23918104206075
k1_w128_d16,6,5,91763918.83166303,9579.348559879374,-9503.353396977544,90314095.54638709,98.42005081764701,1204.0860788481673,938792.3143091266,968.9129549702216,347.1890519534245,124794.77124602062,13.293118120365019,902.2181238830807,90825126.5173539,99.29994510704992
k1_w128_d16,6,7,36772258.19758301,6064.013373796517,-6007.141206071455,36086080.89889717,98.13398107073299,828.3581946753771,620562.5235366505,787.7579092187209,333.6946546050655,113531.42495260254,18.29492124428899,712.06116210902,36151695.67404636,99.5044597583554
k1_w128_d16,6,10,7949690.1778048985,2819.5194941345767,-2765.4298404692563,7647992.366547191,96.20491107816967,549.2702533887194,474014.83519684913,688.4873529679751,345.3255657864068,120266.71492480852,25.371930579949908,594.7672824492287,7475675.3426080495,100.69626229910854
k1_w128_d16,6,20,1858573.9164416054,1363.2952418466095,1331.664247461996,1773678.5947345828,95.43223323237196,291.3680176461083,307798.86390471965,554.7962363829802,412.60292553978866,170979.20786731775,55.549005509079805,369.89141114305676,1550775.0525368857,103.34828279868427
k1_w128_d16,6,30,3198044.405876105,1788.3076932888548,1771.6384137858515,3138977.4482837114,98.15302884838424,243.03694696978613,166642.1054337884,408.21820811153,247.83813269939932,62042.327791205134,37.23088329309203,323.4188888153926,3031402.3004423166,101.50203818356758
k1_w128_d16,6,500,969.6078602178936,31.13852694360948,-7.165119071927976,57.46749339846608,5.926879902309351,30.201661656594784,15781.21258913438,125.62329636311244,-14.784391567362315,226.50631820203307,1.4352909633698638,124.71850813304474,-14811.604728916487,1.1412593564123061
k1_w256_d16,6,1,924545601.990688,30406.341476584912,-30200.45185941862,912067519.1953796,98.65035507513733,3532.432985253678,6940992.228047699,2634.5762900412847,-315.79533619091114,111218.95216031877,1.6023494697328233,2613.3834919290703,917604609.7626402,99.38445061638454
k1_w256_d16,6,2,430217429.3785183,20741.683378610287,-20594.500526289597,424133714.12418574,98.58589753950207,2466.518853431402,2815663.6060476224,1677.9939231259518,19.475444849973375,6775.092924181711,0.24062153268699532,1675.973899893265,427401765.77247065,99.2337825897162
k1_w256_d16,6,3,243639333.34701648,15608.950424260322,-15500.086817749434,240252948.29746366,98.61008277972523,1840.2133163176554,1751739.336544943,1323.5328996836245,-450.7008053418822,207064.91973656448,11.820532622448876,1242.8493137980881,241887594.01047155,99.2386088917546
k1_w256_d16,6,5,91763918.83166303,9579.348559879374,-9503.353396977544,90314095.54638709,98.42005081764701,1204.0860788481673,843739.6486817141,918.5530189824178,120.73665839522305,16498.15911668258,1.955361365613176,909.5281686484655,90920179.18298131,99.31524354515632
k1_w256_d16,6,7,36772258.19758301,6064.013373796517,-6007.141206071455,36086080.89889717,98.13398107073299,828.3581946753771,545581.3646275842,738.6347978721177,165.43942320325428,28534.758587451975,5.230156386835152,719.0595288570568,36226676.83295543,99.5331321903315
k1_w256_d16,6,10,7949690.1778048985,2819.5194941345767,-2765.4298404692563,7647992.366547191,96.20491107816967,549.2702533887194,398996.88698157604,631.6620037500879,192.23775364257088,37750.66629868061,9.461393692633942,601.0376200229862,7550693.290823323,100.78864823575285
k1_w256_d16,6,20,1858573.9164416054,1363.2952418466095,1331.664247461996,1773678.5947345828,95.43223323237196,291.3680176461083,253278.79750120814,503.2681169130508,347.4064560660251,121187.90497330122,47.847631214659074,363.44310769074565,1605295.1189403972,102.93999341703828
k1_w256_d16,6,30,3198044.405876105,1788.3076932888548,1771.6384137858515,3138977.4482837114,98.15302884838424,243.03694696978613,174207.89753237463,417.3821959935218,261.4429386581208,68727.34347870466,39.45133627821461,324.7776994402017,3023836.5083437306,101.53492413803477
k1_w256_d16,6,500,969.6078602178936,31.13852694360948,-7.165119071927976,57.46749339846608,5.926879902309351,30.201661656594784,15020.583958504,122.55849198853582,-15.93262879177792,262.4141913087145,1.7470305550946774,121.4832077580901,-14050.976098286106,1.4585940256153962
k2_w128_d16,6,1,924545601.990688,30406.341476584912,-30200.45185941862,912067519.1953796,98.65035507513733,3532.432985253678,9123037.01654164,3020.4365605888233,264.72115497187013,79799.20942686734,0.874700050895087,3007.197666784605,915422564.9741464,99.62478038890262
k2_w128_d16,6,2,430217429.3785183,20741.683378610287,-20594.500526289597,424133714.12418574,98.58589753950207,2466.518853431402,3942601.784878148,1985.598596111044,560.6842453941862,318868.5737918851,8.087770238802857,1903.6105723299247,426274827.59364015,99.4229117264247
k2_w128_d16,6,3,243639333.34701648,15608.950424260322,-15500.086817749434,240252948.29746366,98.61008277972523,1840.2133163176554,1957389.8431556628,1399.0674905649344,-42.96167067022589,4220.322048645301,0.2156096836510292,1397.5584142020748,241681943.50386083,99.4069827858601
k2_w128_d16,6,5,91763918.83166303,9579.348559879374,-9503.353396977544,90314095.54638709,98.42005081764701,1204.0860788481673,1057174.6403833493,1028.189982631298,359.2947981527871,130625.36450724844,12.356081910920743,962.5742962889154,90706744.19127968,99.42311455000923
k2_w128_d16,6,7,36772258.19758301,6064.013373796517,-6007.141206071455,36086080.89889717,98.13398107073299,828.3581946753771,615425.801324763,784.4907911025871,321.2671989790731,104318.63655702298,16.9506439821774,714.9175929907866,36156832.39625825,99.51580345313596
k2_w128_d16,6,10,7949690.1778048985,2819.5194941345767,-2765.4298404692563,7647992.366547191,96.20491107816967,549.2702533887194,354209.25508077355,595.1548160611435,157.79022062730553,25829.14267145793,7.292057534060728,573.0445989705476,7595480.922724125,100.35129179341075
k2_w128_d16,6,20,1858573.9164416054,1363.2952418466095,1331.664247461996,1773678.5947345828,95.43223323237196,291.3680176461083,221477.8577372379,470.6143407687848,170.9471045081701,29704.93339220739,13.412145889296719,437.91885589116913,1637096.0587043676,106.52848695528552
k2_w128_d16,6,30,3198044.405876105,1788.3076932888548,1771.6384137858515,3138977.4482837114,98.15302884838424,243.03694696978613,248726.17365419853,498.7245468735207,318.4018743758728,101714.70328908379,40.89425000784063,383.42074848019735,2949318.2322219065,102.98185905515076
k2_w128_d16,6,500,969.6078602178936,31.13852694360948,-7.165119071927976,57.46749339846608,5.926879902309351,30.201661656594784,22001.09048284608,148.32764571328596,-36.89506710417568,1372.16585556416,6.236808382902733,143.62772931186345,-21031.482622628188,6.251096918631803
k2_w128_d16,12,1,928983207.8949066,30479.225841463012,-30278.95304335229,916815389.4544196,98.6902003892988,3488.240020481282,12471245.827956712,3531.4651106809356,-153.07423147992833,34854.40383564324,0.27947812364912533,3526.5268216931327,916511962.06695,100.02930381650756
k2_w128_d16,12,2,432513992.05668813,20796.970742314566,-20652.76805789168,426537222.54874283,98.61813268062737,2444.7432396767854,5797918.318318148,2407.886691337063,306.4856951223056,100165.84140792988,1.727617325885092,2386.9965389397235,426716073.73837,99.9346129550287
k2_w128_d16,12,3,245024436.16151917,15653.25640758239,-15545.87811624065,241674620.64100263,98.63286471627329,1830.2501251240408,3441241.5284689213,1855.0583625506022,-93.06908452829003,12934.945038787484,0.3758801854440745,1851.5686818020374,241583194.63305026,100.03249028270893
k2_w128_d16,12,5,92287970.15055668,9606.662799877837,-9531.263626727157,90845255.84756894,98.43672550102238,1201.1304271342628,1913889.5818745105,1383.433981755006,369.3244096024785,139340.76076940098,7.280501555002311,1332.121924264108,90374080.56868218,100.36717885928054
k2_w128_d16,12,7,36993971.684179164,6082.266985604888,-6026.266680526154,36316074.06491038,98.1675457151342,823.3453827336231,1229675.5987769242,1108.9073896304074,354.8704035457381,128143.7413160298,10.420938777957844,1049.538878489451,35764296.08540224,101.18451719888603
k2_w128_d16,12,10,8002678.44763375,2828.900572242466,-2777.46936376854,7714482.691328921,96.3987587631983,536.8386687868407,826680.666063874,909.2198117418438,257.19734665607274,67690.37430843276,8.188213065479218,871.2004888402217,7175997.781569876,106.56068396035121
k2_w128_d16,12,20,1857222.555750284,1362.7995288193654,1333.2210793843867,1777529.962478946,95.70904450710034,282.29876597558507,562540.1295918149,750.0267525840761,335.74481897237854,113522.19716556491,20.180284248865554,670.0880034937576,1294682.4261584692,128.5263267418219
k2_w128_d16,12,30,3218990.909985969,1794.1546505209546,1777.8443499207035,3160761.7561108824,98.19107429926416,241.30717742140658,634695.5615425952,796.677827947154,538.20544421203,290368.0152361083,45.74918005261981,586.7942964161181,2584295.3484433736,111.07065384781696
k2_w128_d16,12,500,1333.9803246639715,36.52369538620061,-6.793985393198511,47.68621053483824,3.574731175053152,35.86494268961172,85232.76979237564,291.9465187193977,-47.22756069117336,2280.6775114517072,2.675822359178713,288.01404875617425,-83898.78946771166,2.661529820732673
k2_w256_d16,6,1,924545601.990688,30406.341476584912,-30200.45185941862,912067519.1953796,98.65035507513733,3532.432985253678,8862374.341687562,2976.97402435553,-1416.3487529487227,2007449.8910383126,22.65137776448356,2618.191064580514,915683227.6490004,99.38590571773423
k2_w256_d16,6,2,430217429.3785183,20741.683378610287,-20594.500526289597,424133714.12418574,98.58589753950207,2466.518853431402,3156029.3437648914,1776.5216980844596,-484.6199842905917,236423.23734686084,7.4911609365718625,1708.6854907846648,427061400.0347534,99.25909736921739
k2_w256_d16,6,3,243639333.34701648,15608.950424260322,-15500.086817749434,240252948.29746366,98.61008277972523,1840.2133163176554,2167098.05404382,1472.1066721008435,-682.8044351605308,467499.22357154946,21.572592098414404,1303.6866304723196,241472235.29297265,99.30145748763456
k2_w256_d16,6,5,91763918.83166303,9579.348559879374,-9503.353396977544,90314095.54638709,98.42005081764701,1204.0860788481673,962188.0501890975,980.9118462884917,-19.873375168751483,1023.2568146654589,0.10634686374086226,980.3901230502233,90801730.78147393,99.46184011285256
k2_w256_d16,6,7,36772258.19758301,6064.013373796517,-6007.141206071455,36086080.89889717,98.13398107073299,828.3581946753771,655002.7277387568,809.3223880128096,203.26674584145437,41845.19695854091,6.388553083282818,783.043760450344,36117255.46984425,99.79782581218944
k2_w256_d16,6,10,7949690.1778048985,2819.5194941345767,-2765.4298404692563,7647992.366547191,96.20491107816967,549.2702533887194,420202.20290551474,648.2300539974328,236.28491171505664,56420.22430425246,13.426922542083606,603.1434146214831,7529487.974899383,100.82454700174198
k2_w256_d16,6,20,1858573.9164416054,1363.2952418466095,1331.664247461996,1773678.5947345828,95.43223323237196,291.3680176461083,257652.1005462506,507.5944252513522,349.83756769559915,122809.96169194487,47.665034141609695,367.2085767711665,1600921.8158953548,103.11987860065166
k2_w256_d16,6,30,3198044.405876105,1788.3076932888548,1771.6384137858515,3138977.4482837114,98.15302884838424,243.03694696978613,224552.51164560256,473.86972011894005,337.81884473348777,114425.48976864373,50.95711864013103,331.85391647072487,2973491.8942305027,101.71717516310159
k2_w256_d16,6,500,969.6078602178936,31.13852694360948,-7.165119071927976,57.46749339846608,5.926879902309351,30.201661656594784,15738.49679495529,125.45316574305843,-1.0881652162038502,10.241552142834097,0.06507325493827883,125.41234087127333,-14768.888934737397,-0.31976637825851256
k2_w256_d16,12,1,928983207.8949066,30479.225841463012,-30278.95304335229,916815389.4544196,98.6902003892988,3488.240020481282,10929228.642597646,3305.9383906234016,-1433.9200709424952,2079524.6684094945,19.02718605688567,2974.8452017185955,918053979.252309,99.63857087477567
k2_w256_d16,12,2,432513992.05668813,20796.970742314566,-20652.76805789168,426537222.54874283,98.61813268062737,2444.7432396767854,4313588.6468150355,2076.9180645405913,-563.0642777435778,327362.41058386903,7.589096628988465,1996.5535896216677,428200403.40987307,99.53513745996901
k2_w256_d16,12,3,245024436.16151917,15653.25640758239,-15545.87811624065,241674620.64100263,98.63286471627329,1830.2501251240408,2957680.2555041625,1719.7907592216452,-643.4544829320539,419626.4042708907,14.18768656584759,1593.127066882385,242066755.906015,99.66465379921955
k2_w256_d16,12,5,92287970.15055668,9606.662799877837,-9531.263626727157,90845255.84756894,98.43672550102238,1201.1304271342628,1568467.4179795787,1252.3846924885256,-8.020753364205953,1776.1895209735642,0.11324363519527633,1251.6753686394109,90719502.7325771,100.13665961754259
k2_w256_d16,12,7,36993971.684179164,6082.266985604888,-6026.266680526154,36316074.06491038,98.1675457151342,823.3453827336231,1209379.93824972,1099.7181176327506,152.51580396875545,24115.714328554415,1.994056091541917,1088.6984081558885,35784591.74592944,101.4178353863995
k2_w256_d16,12,10,8002678.44763375,2828.900572242466,-2777.46936376854,7714482.691328921,96.3987587631983,536.8386687868407,1018691.7321197848,1009.3025969053011,291.33220782571976,85406.66336735919,8.383955683005041,966.0668034625896,6983986.715513965,109.23669157351947
k2_w256_d16,12,20,1857222.555750284,1362.7995288193654,1333.2210793843867,1777529.962478946,95.70904450710034,282.29876597558507,716842.6149180884,846.6655862370269,502.19491441024064,252597.07655304938,35.23745258670384,681.3556621655382,1140379.9408321958,133.72147574018814
k2_w256_d16,12,30,3218990.909985969,1794.1546505209546,1777.8443499207035,3160761.7561108824,98.19107429926416,241.30717742140658,727969.1295449774,853.2110697506083,672.3088351448617,452257.53296284814,62.12592191176226,525.0824664584882,2491021.7804409913,108.7306519924744
k2_w256_d16,12,500,1333.9803246639715,36.52369538620061,-6.793985393198511,47.68621053483824,3.574731175053152,35.86494268961172,99094.31551304033,314.7924959604983,-17.39376696059947,336.1787208500277,0.339251266946577,314.25807355132554,-97760.33518837635,0.295101801522353
