run_id,lead_hours,field,pressure_hpa,baseline_rmse,residual_rmse,rmse_reduction_pct
k1_w128_d16,6,temperature,1,9.9039903324195,8.454861858841012,14.631763813772558
k1_w128_d16,6,temperature,2,7.803570145844489,10.54241354668013,-35.097312507584924
k1_w128_d16,6,temperature,3,5.9621518485255605,9.279290895373643,-55.63660790807283
k1_w128_d16,6,temperature,5,4.385090055922865,6.6151360107853465,-50.85519171608339
k1_w128_d16,6,temperature,7,3.7635630458508427,6.081347443626443,-61.58484312706951
k1_w128_d16,6,temperature,10,2.9208224696340426,5.10536866756496,-74.79215942229536
k1_w128_d16,6,temperature,20,2.0939721623718794,3.298616104170446,-57.52912877476102
k1_w128_d16,6,temperature,30,1.8917885452409964,3.396304857877837,-79.52877801388627
k1_w128_d16,6,geopotential,1,30406.341476584912,2706.8301355049757,91.09781050906953
k1_w128_d16,6,geopotential,2,20741.683378610287,1733.2972580063213,91.6434108728428
k1_w128_d16,6,geopotential,3,15608.950424260322,1270.7369089970746,91.85892148762275
k1_w128_d16,6,geopotential,5,9579.348559879374,968.9129549702216,89.88539827198414
k1_w128_d16,6,geopotential,7,6064.013373796517,787.7579092187209,87.00929795731096
k1_w128_d16,6,geopotential,10,2819.5194941345767,688.4873529679751,75.58139412051487
k1_w128_d16,6,geopotential,20,1363.2952418466095,554.7962363829802,59.304762508266506
k1_w128_d16,6,geopotential,30,1788.3076932888548,408.21820811153,77.17293228433297
k1_w128_d16,6,geopotential,500,31.13852694360948,125.62329636311244,-303.43365179287633
k1_w128_d16,6,u_component_of_wind,1,19.89105783588024,21.56959501042482,-8.438652123954782
k1_w128_d16,6,u_component_of_wind,2,14.808786249493675,15.456941978270507,-4.376832225524163
k1_w128_d16,6,u_component_of_wind,3,11.813944705597986,12.462852632847001,-5.492728664469992
k1_w128_d16,6,u_component_of_wind,5,10.582284597279084,12.145626089761286,-14.773194560314206
k1_w128_d16,6,u_component_of_wind,7,10.734911366240992,11.633404288364058,-8.36982152408483
k1_w128_d16,6,u_component_of_wind,10,11.367662377437185,13.448852577857792,-18.307987441212227
k1_w128_d16,6,u_component_of_wind,20,5.027319534514148,8.977189481388182,-78.5681100983719
k1_w128_d16,6,u_component_of_wind,30,4.870175131043882,6.910813527963483,-41.900719009301966
k1_w128_d16,6,v_component_of_wind,1,12.650821521634215,14.018986463686577,-10.814830797451824
k1_w128_d16,6,v_component_of_wind,2,9.32051501398184,9.476798362201764,-1.676767302938531
k1_w128_d16,6,v_component_of_wind,3,7.377398002654424,7.570830369004641,-2.6219592094749222
k1_w128_d16,6,v_component_of_wind,5,5.7748836147911335,6.059158371715107,-4.922605820069936
k1_w128_d16,6,v_component_of_wind,7,5.008131173043137,5.439280826255013,-8.608992822164696
k1_w128_d16,6,v_component_of_wind,10,4.115790792237513,5.022404123902103,-22.027682587134546
k1_w128_d16,6,v_component_of_wind,20,3.008941802687958,4.76255735745122,-58.28014198203222
k1_w128_d16,6,v_component_of_wind,30,2.687952154629618,4.767948541177437,-77.3821953253639
k1_w128_d16,6,specific_humidity,1,8.822090230926471e-07,3.899877427123884e-07,55.79417887324952
k1_w128_d16,6,specific_humidity,2,6.319030013197258e-07,1.5848556046112643e-07,74.91932145754487
k1_w128_d16,6,specific_humidity,3,5.566283515854871e-07,1.5203669529002668e-07,72.68613881111716
k1_w128_d16,6,specific_humidity,5,4.6491624455131087e-07,2.1243991155410443e-07,54.30576710453956
k1_w128_d16,6,specific_humidity,7,3.856301475623728e-07,2.5132002715601605e-07,34.828739727781034
k1_w128_d16,6,specific_humidity,10,2.699003674101188e-07,3.382886780598789e-07,-25.33835404004572
k1_w128_d16,6,specific_humidity,20,1.0596226762451903e-07,3.9294334996235214e-07,-270.83327751606873
k1_w128_d16,6,specific_humidity,30,8.362557987089006e-08,1.839164359467364e-07,-119.9284432235757
k1_w128_d16,6,specific_cloud_ice_water_content,1,1.466035147732589e-06,1.6142121307735832e-06,-10.10732814081361
k1_w128_d16,6,specific_cloud_ice_water_content,2,1.4513668724636064e-06,1.6092532288869972e-06,-10.878459431514266
k1_w128_d16,6,specific_cloud_ice_water_content,3,1.4498182097670895e-06,1.605561425493788e-06,-10.742258213994882
k1_w128_d16,6,specific_cloud_ice_water_content,5,1.4418084047152534e-06,1.6045825470919145e-06,-11.289582016884392
k1_w128_d16,6,specific_cloud_ice_water_content,7,1.4457543483121473e-06,1.6105531879222687e-06,-11.398813346300262
k1_w128_d16,6,specific_cloud_ice_water_content,10,1.4557463624633837e-06,1.6065588291660683e-06,-10.35980378116712
k1_w128_d16,6,specific_cloud_ice_water_content,20,1.2331259002909328e-06,1.4055153513663278e-06,-13.979874320596375
k1_w128_d16,6,specific_cloud_ice_water_content,30,9.865127650158664e-07,1.360314414203082e-06,-37.89121260698573
k1_w128_d16,6,specific_cloud_liquid_water_content,1,2.794234220664137e-06,4.832249885396819e-06,-72.9364650128823
k1_w128_d16,6,specific_cloud_liquid_water_content,2,2.7952225406303136e-06,4.845046223872984e-06,-73.33311224588373
k1_w128_d16,6,specific_cloud_liquid_water_content,3,2.7823814575494895e-06,4.86294513787447e-06,-74.7763637757054
k1_w128_d16,6,specific_cloud_liquid_water_content,5,2.7920807944562068e-06,4.867844038634516e-06,-74.3446696922175
k1_w128_d16,6,specific_cloud_liquid_water_content,7,2.8064188073102174e-06,4.8431651514599405e-06,-72.57456865826171
k1_w128_d16,6,specific_cloud_liquid_water_content,10,2.783263464339788e-06,4.830058496550336e-06,-73.5393920997725
k1_w128_d16,6,specific_cloud_liquid_water_content,20,2.441444851051319e-06,4.347260908559964e-06,-78.06099149394979
k1_w128_d16,6,specific_cloud_liquid_water_content,30,1.9925068141787895e-06,4.270192386678449e-06,-114.31256125658003
k1_w256_d16,6,temperature,1,9.9039903324195,8.262192085636086,16.577139028591226
k1_w256_d16,6,temperature,2,7.803570145844489,10.397823129748051,-33.24443729496094
k1_w256_d16,6,temperature,3,5.9621518485255605,9.423932492302557,-58.06260443757558
k1_w256_d16,6,temperature,5,4.385090055922865,6.6112449876361845,-50.766458688949626
k1_w256_d16,6,temperature,7,3.7635630458508427,5.99213522592479,-59.21442401584975
k1_w256_d16,6,temperature,10,2.9208224696340426,4.766236934380119,-63.18132936635801
k1_w256_d16,6,temperature,20,2.0939721623718794,3.308551907191971,-58.00362424323326
k1_w256_d16,6,temperature,30,1.8917885452409964,3.466446114841036,-83.23644698881729
k1_w256_d16,6,geopotential,1,30406.341476584912,2634.5762900412847,91.33543806291165
k1_w256_d16,6,geopotential,2,20741.683378610287,1677.9939231259518,91.91003983381421
k1_w256_d16,6,geopotential,3,15608.950424260322,1323.5328996836245,91.5206797144636
k1_w256_d16,6,geopotential,5,9579.348559879374,918.5530189824178,90.41111184919673
k1_w256_d16,6,geopotential,7,6064.013373796517,738.6347978721177,87.8193738644465
k1_w256_d16,6,geopotential,10,2819.5194941345767,631.6620037500879,77.59682083900717
k1_w256_d16,6,geopotential,20,1363.2952418466095,503.2681169130508,63.084436777512366
k1_w256_d16,6,geopotential,30,1788.3076932888548,417.3821959935218,76.66049318247245
k1_w256_d16,6,geopotential,500,31.13852694360948,122.55849198853582,-293.5911682992709
k1_w256_d16,6,u_component_of_wind,1,19.89105783588024,22.133473137606984,-11.273484398008193
k1_w256_d16,6,u_component_of_wind,2,14.808786249493675,14.390777993257448,2.8227043674866947
k1_w256_d16,6,u_component_of_wind,3,11.813944705597986,12.402274906357675,-4.97996406298491
k1_w256_d16,6,u_component_of_wind,5,10.582284597279084,12.288059249954332,-16.1191530712927
k1_w256_d16,6,u_component_of_wind,7,10.734911366240992,13.15892055379434,-22.580616689359356
k1_w256_d16,6,u_component_of_wind,10,11.367662377437185,15.647668069994001,-37.65071085372729
k1_w256_d16,6,u_component_of_wind,20,5.027319534514148,7.61785447953463,-51.529148430602746
k1_w256_d16,6,u_component_of_wind,30,4.870175131043882,6.999032623788514,-43.71213427572016
k1_w256_d16,6,v_component_of_wind,1,12.650821521634215,14.152024140020112,-11.866443738998967
k1_w256_d16,6,v_component_of_wind,2,9.32051501398184,9.779000670076213,-4.919102167708456
k1_w256_d16,6,v_component_of_wind,3,7.377398002654424,7.724504263873173,-4.704995732829631
k1_w256_d16,6,v_component_of_wind,5,5.7748836147911335,6.16924810486125,-6.828959964838699
k1_w256_d16,6,v_component_of_wind,7,5.008131173043137,5.57386628942047,-11.296331841755048
k1_w256_d16,6,v_component_of_wind,10,4.115790792237513,5.32679741622952,-29.423425172047036
k1_w256_d16,6,v_component_of_wind,20,3.008941802687958,5.228604936874398,-73.76889550351433
k1_w256_d16,6,v_component_of_wind,30,2.687952154629618,4.641406836879177,-72.67445883979033
k1_w256_d16,6,specific_humidity,1,8.822090230926471e-07,3.961318933745044e-07,55.097728202117494
k1_w256_d16,6,specific_humidity,2,6.319030013197258e-07,1.6715684924372518e-07,73.54707148175922
k1_w256_d16,6,specific_humidity,3,5.566283515854871e-07,1.6041703695636303e-07,71.1805845858489
k1_w256_d16,6,specific_humidity,5,4.6491624455131087e-07,2.1664491779918213e-07,53.401301774631385
k1_w256_d16,6,specific_humidity,7,3.856301475623728e-07,2.5176445277056893e-07,34.71349313273079
k1_w256_d16,6,specific_humidity,10,2.699003674101188e-07,3.338747162889308e-07,-23.702949904325887
k1_w256_d16,6,specific_humidity,20,1.0596226762451903e-07,3.821033788294723e-07,-260.6032481141956
k1_w256_d16,6,specific_humidity,30,8.362557987089006e-08,1.6973195039559473e-07,-102.96654523370088
k1_w256_d16,6,specific_cloud_ice_water_content,1,1.466035147732589e-06,1.5947026583065593e-06,-8.77656383429628
k1_w256_d16,6,specific_cloud_ice_water_content,2,1.4513668724636064e-06,1.5890799579415114e-06,-9.488509631210306
k1_w256_d16,6,specific_cloud_ice_water_content,3,1.4498182097670895e-06,1.5869473051398502e-06,-9.458364810771025
k1_w256_d16,6,specific_cloud_ice_water_content,5,1.4418084047152534e-06,1.584522104785835e-06,-9.89824304004987
k1_w256_d16,6,specific_cloud_ice_water_content,7,1.4457543483121473e-06,1.5920991135576651e-06,-10.122381123485379
k1_w256_d16,6,specific_cloud_ice_water_content,10,1.4557463624633837e-06,1.5883148786869358e-06,-9.106566888425704
k1_w256_d16,6,specific_cloud_ice_water_content,20,1.2331259002909328e-06,1.368689768935673e-06,-10.99351401286408
k1_w256_d16,6,specific_cloud_ice_water_content,30,9.865127650158664e-07,1.253553327439378e-06,-27.069144150325975
k1_w256_d16,6,specific_cloud_liquid_water_content,1,2.794234220664137e-06,4.256135865529456e-06,-52.3185076631784
k1_w256_d16,6,specific_cloud_liquid_water_content,2,2.7952225406303136e-06,4.248735771915686e-06,-51.99991092507468
k1_w256_d16,6,specific_cloud_liquid_water_content,3,2.7823814575494895e-06,4.256641551203823e-06,-52.98554911132673
k1_w256_d16,6,specific_cloud_liquid_water_content,5,2.7920807944562068e-06,4.25890225153983e-06,-52.53506488766582
k1_w256_d16,6,specific_cloud_liquid_water_content,7,2.8064188073102174e-06,4.250739176099405e-06,-51.46489059391251
k1_w256_d16,6,specific_cloud_liquid_water_content,10,2.783263464339788e-06,4.248363089032123e-06,-52.639631262499556
k1_w256_d16,6,specific_cloud_liquid_water_content,20,2.441444851051319e-06,3.776083121143442e-06,-54.665919220637306
k1_w256_d16,6,specific_cloud_liquid_water_content,30,1.9925068141787895e-06,3.255831167815127e-06,-63.40376578119837
k2_w128_d16,6,temperature,1,9.9039903324195,8.554657835061406,13.624129790809869
k2_w128_d16,6,temperature,2,7.803570145844489,10.582238312729478,-35.60765284290639
k2_w128_d16,6,temperature,3,5.9621518485255605,9.678522594845903,-62.33270873903356
k2_w128_d16,6,temperature,5,4.385090055922865,5.995039353932937,-36.714167268595574
k2_w128_d16,6,temperature,7,3.7635630458508427,5.588951106290781,-48.50159378763021
k2_w128_d16,6,temperature,10,2.9208224696340426,4.013522066571006,-37.41068169315578
k2_w128_d16,6,temperature,20,2.0939721623718794,3.173070055635656,-51.53353576780426
k2_w128_d16,6,temperature,30,1.8917885452409964,3.3961619327929466,-79.52122298955496
k2_w128_d16,6,geopotential,1,30406.341476584912,3020.4365605888233,90.0664255746954
k2_w128_d16,6,geopotential,2,20741.683378610287,1985.598596111044,90.4270132762769
k2_w128_d16,6,geopotential,3,15608.950424260322,1399.0674905649344,91.03676126493154
k2_w128_d16,6,geopotential,5,9579.348559879374,1028.189982631298,89.26659807601524
k2_w128_d16,6,geopotential,7,6064.013373796517,784.4907911025871,87.06317511612878
k2_w128_d16,6,geopotential,10,2819.5194941345767,595.1548160611435,78.89162258678336
k2_w128_d16,6,geopotential,20,1363.2952418466095,470.6143407687848,65.47964620405125
k2_w128_d16,6,geopotential,30,1788.3076932888548,498.7245468735207,72.11192745269005
k2_w128_d16,6,geopotential,500,31.13852694360948,148.32764571328596,-376.34766404300655
k2_w128_d16,6,u_component_of_wind,1,19.89105783588024,21.287048517103344,-7.018182203989998
k2_w128_d16,6,u_component_of_wind,2,14.808786249493675,15.828811258483057,-6.887971720330954
k2_w128_d16,6,u_component_of_wind,3,11.813944705597986,12.489073771695017,-5.714679414210599
k2_w128_d16,6,u_component_of_wind,5,10.582284597279084,12.662010609996935,-19.652901919237653
k2_w128_d16,6,u_component_of_wind,7,10.734911366240992,12.706725213176306,-18.368235932867115
k2_w128_d16,6,u_component_of_wind,10,11.367662377437185,14.66109284561086,-28.971923679846046
k2_w128_d16,6,u_component_of_wind,20,5.027319534514148,7.429742176583613,-47.78734722501861
k2_w128_d16,6,u_component_of_wind,30,4.870175131043882,6.49459527597434,-33.35445032717492
k2_w128_d16,6,v_component_of_wind,1,12.650821521634215,13.723515623909883,-8.479244612227355
k2_w128_d16,6,v_component_of_wind,2,9.32051501398184,10.012711351427397,-7.426588942855439
k2_w128_d16,6,v_component_of_wind,3,7.377398002654424,8.209734642737315,-11.2822520864865
k2_w128_d16,6,v_component_of_wind,5,5.7748836147911335,6.539853846579579,-13.246504740444243
k2_w128_d16,6,v_component_of_wind,7,5.008131173043137,5.8911813378276,-17.632328992051693
k2_w128_d16,6,v_component_of_wind,10,4.115790792237513,5.397305746246932,-31.136542615975248
k2_w128_d16,6,v_component_of_wind,20,3.008941802687958,5.1711580283672625,-71.85968913548764
k2_w128_d16,6,v_component_of_wind,30,2.687952154629618,3.389808503423884,-26.11119203090788
k2_w128_d16,6,specific_humidity,1,8.822090230926471e-07,4.21399596846117e-07,52.2335879802192
k2_w128_d16,6,specific_humidity,2,6.319030013197258e-07,1.8915167611723446e-07,70.0663431377613
k2_w128_d16,6,specific_humidity,3,5.566283515854871e-07,1.6509632246788045e-07,70.33993651282333
k2_w128_d16,6,specific_humidity,5,4.6491624455131087e-07,1.9975990897576279e-07,57.03314063191094
k2_w128_d16,6,specific_humidity,7,3.856301475623728e-07,2.2475744432772348e-07,41.716837817673316
k2_w128_d16,6,specific_humidity,10,2.699003674101188e-07,3.002179887204459e-07,-11.232893678969646
k2_w128_d16,6,specific_humidity,20,1.0596226762451903e-07,3.682475981673309e-07,-247.5271022626932
k2_w128_d16,6,specific_humidity,30,8.362557987089006e-08,1.9468344923357403e-07,-132.80370615563655
k2_w128_d16,6,specific_cloud_ice_water_content,1,1.466035147732589e-06,2.0064311298554848e-06,-36.86105227140612
k2_w128_d16,6,specific_cloud_ice_water_content,2,1.4513668724636064e-06,1.9630978307290204e-06,-35.258553021592796
k2_w128_d16,6,specific_cloud_ice_water_content,3,1.4498182097670895e-06,1.9764902428373382e-06,-36.32676355712607
k2_w128_d16,6,specific_cloud_ice_water_content,5,1.4418084047152534e-06,1.9436646939683593e-06,-34.807418767420685
k2_w128_d16,6,specific_cloud_ice_water_content,7,1.4457543483121473e-06,1.97947654989902e-06,-36.9165205838716
k2_w128_d16,6,specific_cloud_ice_water_content,10,1.4557463624633837e-06,1.964661297228479e-06,-34.959038736934936
k2_w128_d16,6,specific_cloud_ice_water_content,20,1.2331259002909328e-06,1.6926538088627842e-06,-37.26528722358638
k2_w128_d16,6,specific_cloud_ice_water_content,30,9.865127650158664e-07,1.3906287836790091e-06,-40.96409423112159
k2_w128_d16,6,specific_cloud_liquid_water_content,1,2.794234220664137e-06,5.220470500696035e-06,-86.83009685047904
k2_w128_d16,6,specific_cloud_liquid_water_content,2,2.7952225406303136e-06,5.175654090129743e-06,-85.16071671927237
k2_w128_d16,6,specific_cloud_liquid_water_content,3,2.7823814575494895e-06,5.167120815046948e-06,-85.70856993842088
k2_w128_d16,6,specific_cloud_liquid_water_content,5,2.7920807944562068e-06,5.1664158485363236e-06,-85.03819297759787
k2_w128_d16,6,specific_cloud_liquid_water_content,7,2.8064188073102174e-06,5.174452081378638e-06,-84.37918345972165
k2_w128_d16,6,specific_cloud_liquid_water_content,10,2.783263464339788e-06,5.145089743287265e-06,-84.85816413746232
k2_w128_d16,6,specific_cloud_liquid_water_content,20,2.441444851051319e-06,4.5753421688507215e-06,-87.40305220822489
k2_w128_d16,6,specific_cloud_liquid_water_content,30,1.9925068141787895e-06,3.7734239330838313e-06,-89.38072915143557
k2_w128_d16,12,temperature,1,9.999619193236287,9.064540927082003,9.351138759231626
k2_w128_d16,12,temperature,2,7.804826977117117,11.234371116541544,-43.94132181891371
k2_w128_d16,12,temperature,3,5.953411010963248,10.5399585338627,-77.04066650955717
k2_w128_d16,12,temperature,5,4.361923497371268,7.068438748362289,-62.04866391219641
k2_w128_d16,12,temperature,7,3.7817316326889565,6.728017750091602,-77.90838704510934
k2_w128_d16,12,temperature,10,2.923750678288463,5.867377694462466,-100.67982328428822
k2_w128_d16,12,temperature,20,2.0794981320407144,3.486440823787484,-67.65780021961677
k2_w128_d16,12,temperature,30,1.866889260951057,3.360296083376231,-79.99439782863081
k2_w128_d16,12,geopotential,1,30479.225841463012,3531.4651106809356,88.41353409351743
k2_w128_d16,12,geopotential,2,20796.970742314566,2407.886691337063,88.42193547718055
k2_w128_d16,12,geopotential,3,15653.25640758239,1855.0583625506022,88.14905784299286
k2_w128_d16,12,geopotential,5,9606.662799877837,1383.433981755006,85.5992240950458
k2_w128_d16,12,geopotential,7,6082.266985604888,1108.9073896304074,81.76818952119503
k2_w128_d16,12,geopotential,10,2828.900572242466,909.2198117418438,67.85960522390837
k2_w128_d16,12,geopotential,20,1362.7995288193654,750.0267525840761,44.96426387571126
k2_w128_d16,12,geopotential,30,1794.1546505209546,796.677827947154,55.59592213994324
k2_w128_d16,12,geopotential,500,36.52369538620061,291.9465187193977,-699.3345570111753
k2_w128_d16,12,u_component_of_wind,1,20.036905851047297,23.170745400159124,-15.640336748640383
k2_w128_d16,12,u_component_of_wind,2,14.895625313762883,17.34028832311302,-16.411952891238315
k2_w128_d16,12,u_component_of_wind,3,11.87113817843274,14.091461947769133,-18.70354582655127
k2_w128_d16,12,u_component_of_wind,5,10.709125424796524,14.727892679927882,-37.526568190396524
k2_w128_d16,12,u_component_of_wind,7,10.901145661516868,14.527685886547271,-33.26751460475192
k2_w128_d16,12,u_component_of_wind,10,11.447085571042013,15.135980720062422,-32.225627441383864
k2_w128_d16,12,u_component_of_wind,20,5.134926218667017,9.571565648051703,-86.4012303284155
k2_w128_d16,12,u_component_of_wind,30,4.994617706208698,9.970464850143722,-99.62418420432179
k2_w128_d16,12,v_component_of_wind,1,12.726917456271055,15.755331578855335,-23.79534661861158
k2_w128_d16,12,v_component_of_wind,2,9.349193005206905,12.265682291425469,-31.195091219041736
k2_w128_d16,12,v_component_of_wind,3,7.481465209103362,10.858977819396962,-45.14506872509252
k2_w128_d16,12,v_component_of_wind,5,5.893825716081344,9.127614072781945,-54.86739025684433
k2_w128_d16,12,v_component_of_wind,7,5.071410392081228,8.508420224722038,-67.7722678095139
k2_w128_d16,12,v_component_of_wind,10,4.120996070934423,7.721084503913987,-87.3596667167716
k2_w128_d16,12,v_component_of_wind,20,2.9789222318981445,6.077021438456962,-104.00067425005366
k2_w128_d16,12,v_component_of_wind,30,2.7181772335320478,5.727686622213887,-110.7179234509013
k2_w128_d16,12,specific_humidity,1,8.814010256614677e-07,4.262702833307399e-07,51.63719227455681
k2_w128_d16,12,specific_humidity,2,6.305848105687949e-07,1.9436408594378046e-07,69.17716971830295
k2_w128_d16,12,specific_humidity,3,5.551204037968211e-07,1.676392580249955e-07,69.80127970825714
k2_w128_d16,12,specific_humidity,5,4.6422920435253585e-07,1.9724260080297627e-07,57.511806893305625
k2_w128_d16,12,specific_humidity,7,3.8497633158306966e-07,2.21395741011424e-07,42.49107728233118
k2_w128_d16,12,specific_humidity,10,2.692824810496123e-07,2.9833092767391633e-07,-10.787351078718022
k2_w128_d16,12,specific_humidity,20,1.0686904421861988e-07,3.6653991773426953e-07,-242.98043967198404
k2_w128_d16,12,specific_humidity,30,8.353686107986295e-08,1.8952974959091622e-07,-126.881579150696
k2_w128_d16,12,specific_cloud_ice_water_content,1,1.30583857276781e-06,6.89771772036616e-06,-428.2213180260097
k2_w128_d16,12,specific_cloud_ice_water_content,2,1.2947436224920502e-06,6.940238327272806e-06,-436.0318604168618
k2_w128_d16,12,specific_cloud_ice_water_content,3,1.2953284382551769e-06,6.910585714818406e-06,-433.5006559515553
k2_w128_d16,12,specific_cloud_ice_water_content,5,1.287848892775687e-06,6.934190954764533e-06,-438.43203140232896
k2_w128_d16,12,specific_cloud_ice_water_content,7,1.2907921512427467e-06,6.916535257834778e-06,-435.83648236284114
k2_w128_d16,12,specific_cloud_ice_water_content,10,1.2984202585491805e-06,6.9163059696688106e-06,-432.6708301206654
k2_w128_d16,12,specific_cloud_ice_water_content,20,1.1161525118318823e-06,5.7391931662851215e-06,-414.19435117031514
k2_w128_d16,12,specific_cloud_ice_water_content,30,9.56380736842403e-07,4.989046041986066e-06,-421.6589847321638
k2_w128_d16,12,specific_cloud_liquid_water_content,1,2.5188116199009185e-06,1.692973000790662e-05,-572.1316462948737
k2_w128_d16,12,specific_cloud_liquid_water_content,2,2.5206757505396504e-06,1.685450116905595e-05,-568.6501096163431
k2_w128_d16,12,specific_cloud_liquid_water_content,3,2.5075289501953947e-06,1.6854925121863442e-05,-572.1727029532422
k2_w128_d16,12,specific_cloud_liquid_water_content,5,2.51587452353472e-06,1.6852343617455887e-05,-569.8403859099819
k2_w128_d16,12,specific_cloud_liquid_water_content,7,2.531710135992916e-06,1.6867567904733605e-05,-566.2519403359058
k2_w128_d16,12,specific_cloud_liquid_water_content,10,2.508134886685798e-06,1.686774289500919e-05,-572.5213617716513
k2_w128_d16,12,specific_cloud_liquid_water_content,20,2.202986879532424e-06,1.3897263949163144e-05,-530.8373453460053
k2_w128_d16,12,specific_cloud_liquid_water_content,30,1.7966072683527435e-06,1.0618294681405246e-05,-491.01924323955615
k2_w256_d16,6,temperature,1,9.9039903324195,8.703281696047135,12.123483526049018
k2_w256_d16,6,temperature,2,7.803570145844489,9.016933982163431,-15.548829748971693
k2_w256_d16,6,temperature,3,5.9621518485255605,8.657736054645522,-45.211599345403776
k2_w256_d16,6,temperature,5,4.385090055922865,6.0868672485166195,-38.80826096821417
k2_w256_d16,6,temperature,7,3.7635630458508427,5.561464979547495,-47.771271845140404
k2_w256_d16,6,temperature,10,2.9208224696340426,3.927904677545521,-34.47940497519038
k2_w256_d16,6,temperature,20,2.0939721623718794,3.4184266396464427,-63.250815893098135
k2_w256_d16,6,temperature,30,1.8917885452409964,3.4280207688902813,-81.20528203396977
k2_w256_d16,6,geopotential,1,30406.341476584912,2976.97402435553,90.20936462662561
k2_w256_d16,6,geopotential,2,20741.683378610287,1776.5216980844596,91.43501679368761
k2_w256_d16,6,geopotential,3,15608.950424260322,1472.1066721008435,90.56882985666472
k2_w256_d16,6,geopotential,5,9579.348559879374,980.9118462884917,89.76014036698918
k2_w256_d16,6,geopotential,7,6064.013373796517,809.3223880128096,86.65368398575754
k2_w256_d16,6,geopotential,10,2819.5194941345767,648.2300539974328,77.00920120091595
k2_w256_d16,6,geopotential,20,1363.2952418466095,507.5944252513522,62.76709478103908
k2_w256_d16,6,geopotential,30,1788.3076932888548,473.86972011894005,73.50177925771531
k2_w256_d16,6,geopotential,500,31.13852694360948,125.45316574305843,-302.8872848424997
k2_w256_d16,6,u_component_of_wind,1,19.89105783588024,21.325319787968333,-7.210586605911518
k2_w256_d16,6,u_component_of_wind,2,14.808786249493675,15.197617970155463,-2.625682578645372
k2_w256_d16,6,u_component_of_wind,3,11.813944705597986,11.254670894373364,4.734014126201325
k2_w256_d16,6,u_component_of_wind,5,10.582284597279084,11.74343753526089,-10.972611134275878
k2_w256_d16,6,u_component_of_wind,7,10.734911366240992,14.41798313146475,-34.30928900639305
k2_w256_d16,6,u_component_of_wind,10,11.367662377437185,17.72399124940561,-55.91588367881706
k2_w256_d16,6,u_component_of_wind,20,5.027319534514148,7.156648672401653,-42.3551581169445
k2_w256_d16,6,u_component_of_wind,30,4.870175131043882,6.092959268328447,-25.107600946220423
k2_w256_d16,6,v_component_of_wind,1,12.650821521634215,14.246493324410809,-12.6131872151372
k2_w256_d16,6,v_component_of_wind,2,9.32051501398184,9.771744859716083,-4.841254427006958
k2_w256_d16,6,v_component_of_wind,3,7.377398002654424,7.938274341784702,-7.602630885963757
k2_w256_d16,6,v_component_of_wind,5,5.7748836147911335,6.344071257593295,-9.856261714856185
k2_w256_d16,6,v_component_of_wind,7,5.008131173043137,5.378027319496592,-7.385911703840065
k2_w256_d16,6,v_component_of_wind,10,4.115790792237513,4.446858300794545,-8.043837145013132
k2_w256_d16,6,v_component_of_wind,20,3.008941802687958,3.5844809634803108,-19.127626871287774
k2_w256_d16,6,v_component_of_wind,30,2.687952154629618,2.8596871547182197,-6.389064619056262
k2_w256_d16,6,specific_humidity,1,8.822090230926471e-07,4.0108215612571396e-07,54.53660690074427
k2_w256_d16,6,specific_humidity,2,6.319030013197258e-07,1.8318162207801497e-07,71.01111694430298
k2_w256_d16,6,specific_humidity,3,5.566283515854871e-07,1.709707033016607e-07,69.2845858794882
k2_w256_d16,6,specific_humidity,5,4.6491624455131087e-07,2.161225134644553e-07,53.51366703199747
k2_w256_d16,6,specific_humidity,7,3.856301475623728e-07,2.442010697807485e-07,36.6747980352727
k2_w256_d16,6,specific_humidity,10,2.699003674101188e-07,3.224150495326877e-07,-19.45706211017186
k2_w256_d16,6,specific_humidity,20,1.0596226762451903e-07,3.8942240392489506e-07,-267.51044749705324
k2_w256_d16,6,specific_humidity,30,8.362557987089006e-08,2.1383086489466416e-07,-155.70030751930057
k2_w256_d16,6,specific_cloud_ice_water_content,1,1.466035147732589e-06,2.2482649536207265e-06,-53.356824841338636
k2_w256_d16,6,specific_cloud_ice_water_content,2,1.4513668724636064e-06,2.224772121558366e-06,-53.28805995013182
k2_w256_d16,6,specific_cloud_ice_water_content,3,1.4498182097670895e-06,2.239432605064683e-06,-54.462993358625525
k2_w256_d16,6,specific_cloud_ice_water_content,5,1.4418084047152534e-06,2.1512159601719415e-06,-49.202623118068935
k2_w256_d16,6,specific_cloud_ice_water_content,7,1.4457543483121473e-06,2.2010928009049955e-06,-52.24528312674084
k2_w256_d16,6,specific_cloud_ice_water_content,10,1.4557463624633837e-06,2.204537992013704e-06,-51.436956935494635
k2_w256_d16,6,specific_cloud_ice_water_content,20,1.2331259002909328e-06,1.7528009329074069e-06,-42.14290142586954
k2_w256_d16,6,specific_cloud_ice_water_content,30,9.865127650158664e-07,1.3313996657899849e-06,-34.96020659890513
k2_w256_d16,6,specific_cloud_liquid_water_content,1,2.794234220664137e-06,4.191768929320059e-06,-50.014945000700564
k2_w256_d16,6,specific_cloud_liquid_water_content,2,2.7952225406303136e-06,4.137223440709512e-06,-48.01052082874882
k2_w256_d16,6,specific_cloud_liquid_water_content,3,2.7823814575494895e-06,4.112262314048286e-06,-47.79649651885096
k2_w256_d16,6,specific_cloud_liquid_water_content,5,2.7920807944562068e-06,4.092556046126276e-06,-46.57727864652832
k2_w256_d16,6,specific_cloud_liquid_water_content,7,2.8064188073102174e-06,4.126242789520469e-06,-47.028760595971896
k2_w256_d16,6,specific_cloud_liquid_water_content,10,2.783263464339788e-06,4.088034977651729e-06,-46.87919523355089
k2_w256_d16,6,specific_cloud_liquid_water_content,20,2.441444851051319e-06,3.7777845910121593e-06,-54.735610324574594
k2_w256_d16,6,specific_cloud_liquid_water_content,30,1.9925068141787895e-06,3.3480233103447416e-06,-68.03070817725798
k2_w256_d16,12,temperature,1,9.999619193236287,9.113936108725982,8.857168132056248
k2_w256_d16,12,temperature,2,7.804826977117117,9.164369127431145,-17.41924778473698
k2_w256_d16,12,temperature,3,5.953411010963248,9.500026684774866,-59.57283425049103
k2_w256_d16,12,temperature,5,4.361923497371268,7.040201589991785,-61.401308258491774
k2_w256_d16,12,temperature,7,3.7817316326889565,6.145175855849897,-62.49634962807873
k2_w256_d16,12,temperature,10,2.923750678288463,5.013626225027384,-71.47926676026681
k2_w256_d16,12,temperature,20,2.0794981320407144,3.8531169902354887,-85.29071658526735
k2_w256_d16,12,temperature,30,1.866889260951057,2.918919428585626,-56.35203917229825
k2_w256_d16,12,geopotential,1,30479.225841463012,3305.9383906234016,89.15346994763199
k2_w256_d16,12,geopotential,2,20796.970742314566,2076.9180645405913,90.01336256960352
k2_w256_d16,12,geopotential,3,15653.25640758239,1719.7907592216452,89.01320776686067
k2_w256_d16,12,geopotential,5,9606.662799877837,1252.3846924885256,86.96337408132561
k2_w256_d16,12,geopotential,7,6082.266985604888,1099.7181176327506,81.91927253053028
k2_w256_d16,12,geopotential,10,2828.900572242466,1009.3025969053011,64.32173662062543
k2_w256_d16,12,geopotential,20,1362.7995288193654,846.6655862370269,37.87306435521599
k2_w256_d16,12,geopotential,30,1794.1546505209546,853.2110697506083,52.444953978584394
k2_w256_d16,12,geopotential,500,36.52369538620061,314.7924959604983,-761.8856680078251
k2_w256_d16,12,u_component_of_wind,1,20.036905851047297,21.777333709340308,-8.686110875756992
k2_w256_d16,12,u_component_of_wind,2,14.895625313762883,14.566270452287267,2.2110844931854445
k2_w256_d16,12,u_component_of_wind,3,11.87113817843274,12.33038151125292,-3.8685703587759024
k2_w256_d16,12,u_component_of_wind,5,10.709125424796524,14.741605759410522,-37.65461860477386
k2_w256_d16,12,u_component_of_wind,7,10.901145661516868,17.248948634080538,-58.230604100380305
k2_w256_d16,12,u_component_of_wind,10,11.447085571042013,20.219940876426637,-76.63833078681218
k2_w256_d16,12,u_component_of_wind,20,5.134926218667017,8.538357604429441,-66.28004455818501
k2_w256_d16,12,u_component_of_wind,30,4.994617706208698,7.237012571942808,-44.896226250642556
k2_w256_d16,12,v_component_of_wind,1,12.726917456271055,14.9481541473486,-17.45306118869383
k2_w256_d16,12,v_component_of_wind,2,9.349193005206905,12.10142164702696,-29.438141241572822
k2_w256_d16,12,v_component_of_wind,3,7.481465209103362,11.024554331535741,-47.35822493862818
k2_w256_d16,12,v_component_of_wind,5,5.893825716081344,8.99698173111641,-52.6509633050072
k2_w256_d16,12,v_component_of_wind,7,5.071410392081228,7.597056908613408,-49.801659129694166
k2_w256_d16,12,v_component_of_wind,10,4.120996070934423,6.082133152387779,-47.58890927572941
k2_w256_d16,12,v_component_of_wind,20,2.9789222318981445,4.405146145893057,-47.87717848834659
k2_w256_d16,12,v_component_of_wind,30,2.7181772335320478,3.884435512725719,-42.905895348045966
k2_w256_d16,12,specific_humidity,1,8.814010256614677e-07,3.411800687015428e-07,61.291165001141636
k2_w256_d16,12,specific_humidity,2,6.305848105687949e-07,1.509115277517468e-07,76.06800461691698
k2_w256_d16,12,specific_humidity,3,5.551204037968211e-07,1.7482318835638368e-07,68.50715859826863
k2_w256_d16,12,specific_humidity,5,4.6422920435253585e-07,2.5680894815034647e-07,44.680570342721126
k2_w256_d16,12,specific_humidity,7,3.8497633158306966e-07,3.02097122892495e-07,21.52839068047775
k2_w256_d16,12,specific_humidity,10,2.692824810496123e-07,3.9490283907306315e-07,-46.6500299365211
k2_w256_d16,12,specific_humidity,20,1.0686904421861988e-07,4.420425613349424e-07,-313.63012513770093
k2_w256_d16,12,specific_humidity,30,8.353686107986295e-08,2.216938103935053e-07,-165.38441536791942
k2_w256_d16,12,specific_cloud_ice_water_content,1,1.30583857276781e-06,5.308371939828354e-06,-306.5105787598933
k2_w256_d16,12,specific_cloud_ice_water_content,2,1.2947436224920502e-06,5.305579502129334e-06,-309.77838469035675
k2_w256_d16,12,specific_cloud_ice_water_content,3,1.2953284382551769e-06,5.292778982853413e-06,-308.605171209153
k2_w256_d16,12,specific_cloud_ice_water_content,5,1.287848892775687e-06,5.285153371079586e-06,-310.38614085294984
k2_w256_d16,12,specific_cloud_ice_water_content,7,1.2907921512427467e-06,5.301102515713238e-06,-310.68598926709086
k2_w256_d16,12,specific_cloud_ice_water_content,10,1.2984202585491805e-06,5.299708008440061e-06,-308.1658441128923
k2_w256_d16,12,specific_cloud_ice_water_content,20,1.1161525118318823e-06,4.1870316960477935e-06,-275.1307864886528
k2_w256_d16,12,specific_cloud_ice_water_content,30,9.56380736842403e-07,3.436300219473441e-06,-259.30253371881656
k2_w256_d16,12,specific_cloud_liquid_water_content,1,2.5188116199009185e-06,9.606443266407443e-06,-281.38792081582216
k2_w256_d16,12,specific_cloud_liquid_water_content,2,2.5206757505396504e-06,9.609762123730938e-06,-281.23753607236426
k2_w256_d16,12,specific_cloud_liquid_water_content,3,2.5075289501953947e-06,9.625562846418544e-06,-283.86646924528986
k2_w256_d16,12,specific_cloud_liquid_water_content,5,2.51587452353472e-06,9.635855749383442e-06,-283.0022387541564
k2_w256_d16,12,specific_cloud_liquid_water_content,7,2.531710135992916e-06,9.612937234002788e-06,-279.70133694759147
k2_w256_d16,12,specific_cloud_liquid_water_content,10,2.508134886685798e-06,9.615876081422099e-06,-283.38751765174544
k2_w256_d16,12,specific_cloud_liquid_water_content,20,2.202986879532424e-06,8.240072610469253e-06,-274.04092993137476
k2_w256_d16,12,specific_cloud_liquid_water_content,30,1.7966072683527435e-06,7.488468510750456e-06,-316.8116562066685
